x,y,z,Name,Id,Vertex Index,PType
692.5,3403.1642,-171.4193,Tunnel_Well,110,1,0
692.6139,3403.151,-172.7216,Tunnel_Well,110,2,0
692.9523,3403.1382,-173.9843,Tunnel_Well,110,3,0
693.5048,3403.1263,-175.1691,Tunnel_Well,110,4,0
694.2547,3403.1155,-176.2399,Tunnel_Well,110,5,0
695.1791,3403.1061,-177.1643,Tunnel_Well,110,6,0
696.25,3403.0985,-177.9141,Tunnel_Well,110,7,0
697.4348,3403.0929,-178.4666,Tunnel_Well,110,8,0
698.6976,3403.0895,-178.805,Tunnel_Well,110,9,0
700.0,3403.0884,-178.9189,Tunnel_Well,110,10,0
701.3024,3403.0895,-178.805,Tunnel_Well,110,11,0
702.5652,3403.0929,-178.4666,Tunnel_Well,110,12,0
703.75,3403.0985,-177.9141,Tunnel_Well,110,13,0
704.8209,3403.1061,-177.1643,Tunnel_Well,110,14,0
705.7453,3403.1155,-176.2399,Tunnel_Well,110,15,0
706.4952,3403.1263,-175.1691,Tunnel_Well,110,16,0
707.0477,3403.1382,-173.9843,Tunnel_Well,110,17,0
707.3861,3403.151,-172.7216,Tunnel_Well,110,18,0
707.5,3403.1642,-171.4193,Tunnel_Well,110,19,0
707.3861,3403.1773,-170.117,Tunnel_Well,110,20,0
707.0477,3403.1901,-168.8543,Tunnel_Well,110,21,0
706.4952,3403.2021,-167.6695,Tunnel_Well,110,22,0
705.7453,3403.2129,-166.5986,Tunnel_Well,110,23,0
704.8209,3403.2222,-165.6742,Tunnel_Well,110,24,0
703.75,3403.2298,-164.9244,Tunnel_Well,110,25,0
702.5652,3403.2354,-164.3719,Tunnel_Well,110,26,0
701.3024,3403.2388,-164.0336,Tunnel_Well,110,27,0
700.0,3403.24,-163.9197,Tunnel_Well,110,28,0
698.6976,3403.2388,-164.0336,Tunnel_Well,110,29,0
697.4348,3403.2354,-164.3719,Tunnel_Well,110,30,0
696.25,3403.2298,-164.9244,Tunnel_Well,110,31,0
695.1791,3403.2222,-165.6742,Tunnel_Well,110,32,0
694.2547,3403.2129,-166.5986,Tunnel_Well,110,33,0
693.5048,3403.2021,-167.6695,Tunnel_Well,110,34,0
692.9523,3403.1901,-168.8543,Tunnel_Well,110,35,0
692.6139,3403.1773,-170.117,Tunnel_Well,110,36,0
692.5,3433.1626,-171.7225,Tunnel_Well,110,37,0
692.6139,3433.1495,-173.0248,Tunnel_Well,110,38,0
692.9523,3433.1367,-174.2875,Tunnel_Well,110,39,0
693.5048,3433.1247,-175.4723,Tunnel_Well,110,40,0
694.2547,3433.1139,-176.5431,Tunnel_Well,110,41,0
695.1791,3433.1046,-177.4675,Tunnel_Well,110,42,0
696.25,3433.097,-178.2173,Tunnel_Well,110,43,0
697.4348,3433.0914,-178.7698,Tunnel_Well,110,44,0
698.6976,3433.088,-179.1082,Tunnel_Well,110,45,0
700.0,3433.0868,-179.2221,Tunnel_Well,110,46,0
701.3024,3433.088,-179.1082,Tunnel_Well,110,47,0
702.5652,3433.0914,-178.7698,Tunnel_Well,110,48,0
703.75,3433.097,-178.2173,Tunnel_Well,110,49,0
704.8209,3433.1046,-177.4675,Tunnel_Well,110,50,0
705.7453,3433.1139,-176.5431,Tunnel_Well,110,51,0
706.4952,3433.1247,-175.4723,Tunnel_Well,110,52,0
707.0477,3433.1367,-174.2875,Tunnel_Well,110,53,0
707.3861,3433.1495,-173.0248,Tunnel_Well,110,54,0
707.5,3433.1626,-171.7225,Tunnel_Well,110,55,0
707.3861,3433.1758,-170.4202,Tunnel_Well,110,56,0
707.0477,3433.1886,-169.1575,Tunnel_Well,110,57,0
706.4952,3433.2005,-167.9727,Tunnel_Well,110,58,0
705.7453,3433.2114,-166.9018,Tunnel_Well,110,59,0
704.8209,3433.2207,-165.9774,Tunnel_Well,110,60,0
703.75,3433.2283,-165.2276,Tunnel_Well,110,61,0
702.5652,3433.2339,-164.6751,Tunnel_Well,110,62,0
701.3024,3433.2373,-164.3368,Tunnel_Well,110,63,0
700.0,3433.2384,-164.2229,Tunnel_Well,110,64,0
698.6976,3433.2373,-164.3368,Tunnel_Well,110,65,0
697.4348,3433.2339,-164.6751,Tunnel_Well,110,66,0
696.25,3433.2283,-165.2276,Tunnel_Well,110,67,0
695.1791,3433.2207,-165.9774,Tunnel_Well,110,68,0
694.2547,3433.2114,-166.9018,Tunnel_Well,110,69,0
693.5048,3433.2005,-167.9727,Tunnel_Well,110,70,0
692.9523,3433.1886,-169.1575,Tunnel_Well,110,71,0
692.6139,3433.1758,-170.4202,Tunnel_Well,110,72,0
692.5,3463.1611,-172.0257,Tunnel_Well,110,73,0
692.6139,3463.1479,-173.328,Tunnel_Well,110,74,0
692.9523,3463.1352,-174.5907,Tunnel_Well,110,75,0
693.5048,3463.1232,-175.7755,Tunnel_Well,110,76,0
694.2547,3463.1124,-176.8463,Tunnel_Well,110,77,0
695.1791,3463.103,-177.7707,Tunnel_Well,110,78,0
696.25,3463.0955,-178.5205,Tunnel_Well,110,79,0
697.4348,3463.0899,-179.073,Tunnel_Well,110,80,0
698.6976,3463.0865,-179.4114,Tunnel_Well,110,81,0
700.0,3463.0853,-179.5253,Tunnel_Well,110,82,0
701.3024,3463.0865,-179.4114,Tunnel_Well,110,83,0
702.5652,3463.0899,-179.073,Tunnel_Well,110,84,0
703.75,3463.0955,-178.5205,Tunnel_Well,110,85,0
704.8209,3463.103,-177.7707,Tunnel_Well,110,86,0
705.7453,3463.1124,-176.8463,Tunnel_Well,110,87,0
706.4952,3463.1232,-175.7755,Tunnel_Well,110,88,0
707.0477,3463.1352,-174.5907,Tunnel_Well,110,89,0
707.3861,3463.1479,-173.328,Tunnel_Well,110,90,0
707.5,3463.1611,-172.0257,Tunnel_Well,110,91,0
707.3861,3463.1743,-170.7234,Tunnel_Well,110,92,0
707.0477,3463.187,-169.4607,Tunnel_Well,110,93,0
706.4952,3463.199,-168.2759,Tunnel_Well,110,94,0
705.7453,3463.2098,-167.205,Tunnel_Well,110,95,0
704.8209,3463.2192,-166.2806,Tunnel_Well,110,96,0
703.75,3463.2268,-165.5308,Tunnel_Well,110,97,0
702.5652,3463.2323,-164.9784,Tunnel_Well,110,98,0
701.3024,3463.2358,-164.64,Tunnel_Well,110,99,0
700.0,3463.2369,-164.5261,Tunnel_Well,110,100,0
698.6976,3463.2358,-164.64,Tunnel_Well,110,101,0
697.4348,3463.2323,-164.9784,Tunnel_Well,110,102,0
696.25,3463.2268,-165.5308,Tunnel_Well,110,103,0
695.1791,3463.2192,-166.2806,Tunnel_Well,110,104,0
694.2547,3463.2098,-167.205,Tunnel_Well,110,105,0
693.5048,3463.199,-168.2759,Tunnel_Well,110,106,0
692.9523,3463.187,-169.4607,Tunnel_Well,110,107,0
692.6139,3463.1743,-170.7234,Tunnel_Well,110,108,0
692.5,3493.1596,-172.3289,Tunnel_Well,110,109,0
692.6139,3493.1464,-173.6312,Tunnel_Well,110,110,0
692.9523,3493.1337,-174.8939,Tunnel_Well,110,111,0
693.5048,3493.1217,-176.0787,Tunnel_Well,110,112,0
694.2547,3493.1109,-177.1496,Tunnel_Well,110,113,0
695.1791,3493.1015,-178.0739,Tunnel_Well,110,114,0
696.25,3493.0939,-178.8238,Tunnel_Well,110,115,0
697.4348,3493.0883,-179.3762,Tunnel_Well,110,116,0
698.6976,3493.0849,-179.7146,Tunnel_Well,110,117,0
700.0,3493.0838,-179.8285,Tunnel_Well,110,118,0
701.3024,3493.0849,-179.7146,Tunnel_Well,110,119,0
702.5652,3493.0883,-179.3762,Tunnel_Well,110,120,0
703.75,3493.0939,-178.8238,Tunnel_Well,110,121,0
704.8209,3493.1015,-178.0739,Tunnel_Well,110,122,0
705.7453,3493.1109,-177.1496,Tunnel_Well,110,123,0
706.4952,3493.1217,-176.0787,Tunnel_Well,110,124,0
707.0477,3493.1337,-174.8939,Tunnel_Well,110,125,0
707.3861,3493.1464,-173.6312,Tunnel_Well,110,126,0
707.5,3493.1596,-172.3289,Tunnel_Well,110,127,0
707.3861,3493.1727,-171.0266,Tunnel_Well,110,128,0
707.0477,3493.1855,-169.7639,Tunnel_Well,110,129,0
706.4952,3493.1975,-168.5791,Tunnel_Well,110,130,0
705.7453,3493.2083,-167.5082,Tunnel_Well,110,131,0
704.8209,3493.2176,-166.5839,Tunnel_Well,110,132,0
703.75,3493.2252,-165.834,Tunnel_Well,110,133,0
702.5652,3493.2308,-165.2816,Tunnel_Well,110,134,0
701.3024,3493.2342,-164.9432,Tunnel_Well,110,135,0
700.0,3493.2354,-164.8293,Tunnel_Well,110,136,0
698.6976,3493.2342,-164.9432,Tunnel_Well,110,137,0
697.4348,3493.2308,-165.2816,Tunnel_Well,110,138,0
696.25,3493.2252,-165.834,Tunnel_Well,110,139,0
695.1791,3493.2176,-166.5839,Tunnel_Well,110,140,0
694.2547,3493.2083,-167.5082,Tunnel_Well,110,141,0
693.5048,3493.1975,-168.5791,Tunnel_Well,110,142,0
692.9523,3493.1855,-169.7639,Tunnel_Well,110,143,0
692.6139,3493.1727,-171.0266,Tunnel_Well,110,144,0
692.5,3523.158,-172.6321,Tunnel_Well,110,145,0
692.6139,3523.1449,-173.9344,Tunnel_Well,110,146,0
692.9523,3523.1321,-175.1971,Tunnel_Well,110,147,0
693.5048,3523.1201,-176.3819,Tunnel_Well,110,148,0
694.2547,3523.1093,-177.4528,Tunnel_Well,110,149,0
695.1791,3523.1,-178.3771,Tunnel_Well,110,150,0
696.25,3523.0924,-179.127,Tunnel_Well,110,151,0
697.4348,3523.0868,-179.6794,Tunnel_Well,110,152,0
698.6976,3523.0834,-180.0178,Tunnel_Well,110,153,0
700.0,3523.0822,-180.1317,Tunnel_Well,110,154,0
701.3024,3523.0834,-180.0178,Tunnel_Well,110,155,0
702.5652,3523.0868,-179.6794,Tunnel_Well,110,156,0
703.75,3523.0924,-179.127,Tunnel_Well,110,157,0
704.8209,3523.1,-178.3771,Tunnel_Well,110,158,0
705.7453,3523.1093,-177.4528,Tunnel_Well,110,159,0
706.4952,3523.1201,-176.3819,Tunnel_Well,110,160,0
707.0477,3523.1321,-175.1971,Tunnel_Well,110,161,0
707.3861,3523.1449,-173.9344,Tunnel_Well,110,162,0
707.5,3523.158,-172.6321,Tunnel_Well,110,163,0
707.3861,3523.1712,-171.3298,Tunnel_Well,110,164,0
707.0477,3523.184,-170.0671,Tunnel_Well,110,165,0
706.4952,3523.1959,-168.8823,Tunnel_Well,110,166,0
705.7453,3523.2068,-167.8114,Tunnel_Well,110,167,0
704.8209,3523.2161,-166.8871,Tunnel_Well,110,168,0
703.75,3523.2237,-166.1372,Tunnel_Well,110,169,0
702.5652,3523.2293,-165.5848,Tunnel_Well,110,170,0
701.3024,3523.2327,-165.2464,Tunnel_Well,110,171,0
700.0,3523.2338,-165.1325,Tunnel_Well,110,172,0
698.6976,3523.2327,-165.2464,Tunnel_Well,110,173,0
697.4348,3523.2293,-165.5848,Tunnel_Well,110,174,0
696.25,3523.2237,-166.1372,Tunnel_Well,110,175,0
695.1791,3523.2161,-166.8871,Tunnel_Well,110,176,0
694.2547,3523.2068,-167.8114,Tunnel_Well,110,177,0
693.5048,3523.1959,-168.8823,Tunnel_Well,110,178,0
692.9523,3523.184,-170.0671,Tunnel_Well,110,179,0
692.6139,3523.1712,-171.3298,Tunnel_Well,110,180,0
692.5,3553.1565,-172.9353,Tunnel_Well,110,181,0
692.6139,3553.1434,-174.2376,Tunnel_Well,110,182,0
692.9523,3553.1306,-175.5003,Tunnel_Well,110,183,0
693.5048,3553.1186,-176.6851,Tunnel_Well,110,184,0
694.2547,3553.1078,-177.756,Tunnel_Well,110,185,0
695.1791,3553.0984,-178.6803,Tunnel_Well,110,186,0
696.25,3553.0909,-179.4302,Tunnel_Well,110,187,0
697.4348,3553.0853,-179.9826,Tunnel_Well,110,188,0
698.6976,3553.0819,-180.321,Tunnel_Well,110,189,0
700.0,3553.0807,-180.4349,Tunnel_Well,110,190,0
701.3024,3553.0819,-180.321,Tunnel_Well,110,191,0
702.5652,3553.0853,-179.9826,Tunnel_Well,110,192,0
703.75,3553.0909,-179.4302,Tunnel_Well,110,193,0
704.8209,3553.0984,-178.6803,Tunnel_Well,110,194,0
705.7453,3553.1078,-177.756,Tunnel_Well,110,195,0
706.4952,3553.1186,-176.6851,Tunnel_Well,110,196,0
707.0477,3553.1306,-175.5003,Tunnel_Well,110,197,0
707.3861,3553.1434,-174.2376,Tunnel_Well,110,198,0
707.5,3553.1565,-172.9353,Tunnel_Well,110,199,0
707.3861,3553.1697,-171.633,Tunnel_Well,110,200,0
707.0477,3553.1824,-170.3703,Tunnel_Well,110,201,0
706.4952,3553.1944,-169.1855,Tunnel_Well,110,202,0
705.7453,3553.2052,-168.1146,Tunnel_Well,110,203,0
704.8209,3553.2146,-167.1903,Tunnel_Well,110,204,0
703.75,3553.2222,-166.4404,Tunnel_Well,110,205,0
702.5652,3553.2277,-165.888,Tunnel_Well,110,206,0
701.3024,3553.2312,-165.5496,Tunnel_Well,110,207,0
700.0,3553.2323,-165.4357,Tunnel_Well,110,208,0
698.6976,3553.2312,-165.5496,Tunnel_Well,110,209,0
697.4348,3553.2277,-165.888,Tunnel_Well,110,210,0
696.25,3553.2222,-166.4404,Tunnel_Well,110,211,0
695.1791,3553.2146,-167.1903,Tunnel_Well,110,212,0
694.2547,3553.2052,-168.1146,Tunnel_Well,110,213,0
693.5048,3553.1944,-169.1855,Tunnel_Well,110,214,0
692.9523,3553.1824,-170.3703,Tunnel_Well,110,215,0
692.6139,3553.1697,-171.633,Tunnel_Well,110,216,0
692.5,3583.155,-173.2385,Tunnel_Well,110,217,0
692.6139,3583.1418,-174.5408,Tunnel_Well,110,218,0
692.9523,3583.1291,-175.8035,Tunnel_Well,110,219,0
693.5048,3583.1171,-176.9883,Tunnel_Well,110,220,0
694.2547,3583.1063,-178.0592,Tunnel_Well,110,221,0
695.1791,3583.0969,-178.9836,Tunnel_Well,110,222,0
696.25,3583.0893,-179.7334,Tunnel_Well,110,223,0
697.4348,3583.0838,-180.2858,Tunnel_Well,110,224,0
698.6976,3583.0803,-180.6242,Tunnel_Well,110,225,0
700.0,3583.0792,-180.7381,Tunnel_Well,110,226,0
701.3024,3583.0803,-180.6242,Tunnel_Well,110,227,0
702.5652,3583.0838,-180.2858,Tunnel_Well,110,228,0
703.75,3583.0893,-179.7334,Tunnel_Well,110,229,0
704.8209,3583.0969,-178.9836,Tunnel_Well,110,230,0
705.7453,3583.1063,-178.0592,Tunnel_Well,110,231,0
706.4952,3583.1171,-176.9883,Tunnel_Well,110,232,0
707.0477,3583.1291,-175.8035,Tunnel_Well,110,233,0
707.3861,3583.1418,-174.5408,Tunnel_Well,110,234,0
707.5,3583.155,-173.2385,Tunnel_Well,110,235,0
707.3861,3583.1681,-171.9362,Tunnel_Well,110,236,0
707.0477,3583.1809,-170.6735,Tunnel_Well,110,237,0
706.4952,3583.1929,-169.4887,Tunnel_Well,110,238,0
705.7453,3583.2037,-168.4179,Tunnel_Well,110,239,0
704.8209,3583.213,-167.4935,Tunnel_Well,110,240,0
703.75,3583.2206,-166.7437,Tunnel_Well,110,241,0
702.5652,3583.2262,-166.1912,Tunnel_Well,110,242,0
701.3024,3583.2296,-165.8528,Tunnel_Well,110,243,0
700.0,3583.2308,-165.7389,Tunnel_Well,110,244,0
698.6976,3583.2296,-165.8528,Tunnel_Well,110,245,0
697.4348,3583.2262,-166.1912,Tunnel_Well,110,246,0
696.25,3583.2206,-166.7437,Tunnel_Well,110,247,0
695.1791,3583.213,-167.4935,Tunnel_Well,110,248,0
694.2547,3583.2037,-168.4179,Tunnel_Well,110,249,0
693.5048,3583.1929,-169.4887,Tunnel_Well,110,250,0
692.9523,3583.1809,-170.6735,Tunnel_Well,110,251,0
692.6139,3583.1681,-171.9362,Tunnel_Well,110,252,0
692.5,3613.1534,-173.5417,Tunnel_Well,110,253,0
692.6139,3613.1403,-174.844,Tunnel_Well,110,254,0
692.9523,3613.1275,-176.1067,Tunnel_Well,110,255,0
693.5048,3613.1155,-177.2915,Tunnel_Well,110,256,0
694.2547,3613.1047,-178.3624,Tunnel_Well,110,257,0
695.1791,3613.0954,-179.2868,Tunnel_Well,110,258,0
696.25,3613.0878,-180.0366,Tunnel_Well,110,259,0
697.4348,3613.0822,-180.5891,Tunnel_Well,110,260,0
698.6976,3613.0788,-180.9274,Tunnel_Well,110,261,0
700.0,3613.0776,-181.0413,Tunnel_Well,110,262,0
701.3024,3613.0788,-180.9274,Tunnel_Well,110,263,0
702.5652,3613.0822,-180.5891,Tunnel_Well,110,264,0
703.75,3613.0878,-180.0366,Tunnel_Well,110,265,0
704.8209,3613.0954,-179.2868,Tunnel_Well,110,266,0
705.7453,3613.1047,-178.3624,Tunnel_Well,110,267,0
706.4952,3613.1155,-177.2915,Tunnel_Well,110,268,0
707.0477,3613.1275,-176.1067,Tunnel_Well,110,269,0
707.3861,3613.1403,-174.844,Tunnel_Well,110,270,0
707.5,3613.1534,-173.5417,Tunnel_Well,110,271,0
707.3861,3613.1666,-172.2394,Tunnel_Well,110,272,0
707.0477,3613.1794,-170.9767,Tunnel_Well,110,273,0
706.4952,3613.1913,-169.7919,Tunnel_Well,110,274,0
705.7453,3613.2022,-168.7211,Tunnel_Well,110,275,0
704.8209,3613.2115,-167.7967,Tunnel_Well,110,276,0
703.75,3613.2191,-167.0469,Tunnel_Well,110,277,0
702.5652,3613.2247,-166.4944,Tunnel_Well,110,278,0
701.3024,3613.2281,-166.156,Tunnel_Well,110,279,0
700.0,3613.2293,-166.0421,Tunnel_Well,110,280,0
698.6976,3613.2281,-166.156,Tunnel_Well,110,281,0
697.4348,3613.2247,-166.4944,Tunnel_Well,110,282,0
696.25,3613.2191,-167.0469,Tunnel_Well,110,283,0
695.1791,3613.2115,-167.7967,Tunnel_Well,110,284,0
694.2547,3613.2022,-168.7211,Tunnel_Well,110,285,0
693.5048,3613.1913,-169.7919,Tunnel_Well,110,286,0
692.9523,3613.1794,-170.9767,Tunnel_Well,110,287,0
692.6139,3613.1666,-172.2394,Tunnel_Well,110,288,0
692.5,3643.1519,-173.8449,Tunnel_Well,110,289,0
692.6139,3643.1388,-175.1472,Tunnel_Well,110,290,0
692.9523,3643.126,-176.4099,Tunnel_Well,110,291,0
693.5048,3643.114,-177.5947,Tunnel_Well,110,292,0
694.2547,3643.1032,-178.6656,Tunnel_Well,110,293,0
695.1791,3643.0938,-179.59,Tunnel_Well,110,294,0
696.25,3643.0863,-180.3398,Tunnel_Well,110,295,0
697.4348,3643.0807,-180.8923,Tunnel_Well,110,296,0
698.6976,3643.0773,-181.2306,Tunnel_Well,110,297,0
700.0,3643.0761,-181.3445,Tunnel_Well,110,298,0
701.3024,3643.0773,-181.2306,Tunnel_Well,110,299,0
702.5652,3643.0807,-180.8923,Tunnel_Well,110,300,0
703.75,3643.0863,-180.3398,Tunnel_Well,110,301,0
704.8209,3643.0938,-179.59,Tunnel_Well,110,302,0
705.7453,3643.1032,-178.6656,Tunnel_Well,110,303,0
706.4952,3643.114,-177.5947,Tunnel_Well,110,304,0
707.0477,3643.126,-176.4099,Tunnel_Well,110,305,0
707.3861,3643.1388,-175.1472,Tunnel_Well,110,306,0
707.5,3643.1519,-173.8449,Tunnel_Well,110,307,0
707.3861,3643.1651,-172.5426,Tunnel_Well,110,308,0
707.0477,3643.1778,-171.2799,Tunnel_Well,110,309,0
706.4952,3643.1898,-170.0951,Tunnel_Well,110,310,0
705.7453,3643.2006,-169.0243,Tunnel_Well,110,311,0
704.8209,3643.21,-168.0999,Tunnel_Well,110,312,0
703.75,3643.2176,-167.3501,Tunnel_Well,110,313,0
702.5652,3643.2231,-166.7976,Tunnel_Well,110,314,0
701.3024,3643.2266,-166.4592,Tunnel_Well,110,315,0
700.0,3643.2277,-166.3453,Tunnel_Well,110,316,0
698.6976,3643.2266,-166.4592,Tunnel_Well,110,317,0
697.4348,3643.2231,-166.7976,Tunnel_Well,110,318,0
696.25,3643.2176,-167.3501,Tunnel_Well,110,319,0
695.1791,3643.21,-168.0999,Tunnel_Well,110,320,0
694.2547,3643.2006,-169.0243,Tunnel_Well,110,321,0
693.5048,3643.1898,-170.0951,Tunnel_Well,110,322,0
692.9523,3643.1778,-171.2799,Tunnel_Well,110,323,0
692.6139,3643.1651,-172.5426,Tunnel_Well,110,324,0
692.5,3673.1504,-174.1481,Tunnel_Well,110,325,0
692.6139,3673.1372,-175.4504,Tunnel_Well,110,326,0
692.9523,3673.1245,-176.7132,Tunnel_Well,110,327,0
693.5048,3673.1125,-177.8979,Tunnel_Well,110,328,0
694.2547,3673.1017,-178.9688,Tunnel_Well,110,329,0
695.1791,3673.0923,-179.8932,Tunnel_Well,110,330,0
696.25,3673.0847,-180.643,Tunnel_Well,110,331,0
697.4348,3673.0792,-181.1955,Tunnel_Well,110,332,0
698.6976,3673.0757,-181.5338,Tunnel_Well,110,333,0
700.0,3673.0746,-181.6478,Tunnel_Well,110,334,0
701.3024,3673.0757,-181.5338,Tunnel_Well,110,335,0
702.5652,3673.0792,-181.1955,Tunnel_Well,110,336,0
703.75,3673.0847,-180.643,Tunnel_Well,110,337,0
704.8209,3673.0923,-179.8932,Tunnel_Well,110,338,0
705.7453,3673.1017,-178.9688,Tunnel_Well,110,339,0
706.4952,3673.1125,-177.8979,Tunnel_Well,110,340,0
707.0477,3673.1245,-176.7132,Tunnel_Well,110,341,0
707.3861,3673.1372,-175.4504,Tunnel_Well,110,342,0
707.5,3673.1504,-174.1481,Tunnel_Well,110,343,0
707.3861,3673.1635,-172.8458,Tunnel_Well,110,344,0
707.0477,3673.1763,-171.5831,Tunnel_Well,110,345,0
706.4952,3673.1883,-170.3983,Tunnel_Well,110,346,0
705.7453,3673.1991,-169.3275,Tunnel_Well,110,347,0
704.8209,3673.2085,-168.4031,Tunnel_Well,110,348,0
703.75,3673.216,-167.6533,Tunnel_Well,110,349,0
702.5652,3673.2216,-167.1008,Tunnel_Well,110,350,0
701.3024,3673.225,-166.7625,Tunnel_Well,110,351,0
700.0,3673.2262,-166.6485,Tunnel_Well,110,352,0
698.6976,3673.225,-166.7625,Tunnel_Well,110,353,0
697.4348,3673.2216,-167.1008,Tunnel_Well,110,354,0
696.25,3673.216,-167.6533,Tunnel_Well,110,355,0
695.1791,3673.2085,-168.4031,Tunnel_Well,110,356,0
694.2547,3673.1991,-169.3275,Tunnel_Well,110,357,0
693.5048,3673.1883,-170.3983,Tunnel_Well,110,358,0
692.9523,3673.1763,-171.5831,Tunnel_Well,110,359,0
692.6139,3673.1635,-172.8458,Tunnel_Well,110,360,0
692.5,3703.1489,-174.4513,Tunnel_Well,110,361,0
692.6139,3703.1357,-175.7536,Tunnel_Well,110,362,0
692.9523,3703.1229,-177.0164,Tunnel_Well,110,363,0
693.5048,3703.111,-178.2012,Tunnel_Well,110,364,0
694.2547,3703.1001,-179.272,Tunnel_Well,110,365,0
695.1791,3703.0908,-180.1964,Tunnel_Well,110,366,0
696.25,3703.0832,-180.9462,Tunnel_Well,110,367,0
697.4348,3703.0776,-181.4987,Tunnel_Well,110,368,0
698.6976,3703.0742,-181.837,Tunnel_Well,110,369,0
700.0,3703.0731,-181.951,Tunnel_Well,110,370,0
701.3024,3703.0742,-181.837,Tunnel_Well,110,371,0
702.5652,3703.0776,-181.4987,Tunnel_Well,110,372,0
703.75,3703.0832,-180.9462,Tunnel_Well,110,373,0
704.8209,3703.0908,-180.1964,Tunnel_Well,110,374,0
705.7453,3703.1001,-179.272,Tunnel_Well,110,375,0
706.4952,3703.111,-178.2012,Tunnel_Well,110,376,0
707.0477,3703.1229,-177.0164,Tunnel_Well,110,377,0
707.3861,3703.1357,-175.7536,Tunnel_Well,110,378,0
707.5,3703.1489,-174.4513,Tunnel_Well,110,379,0
707.3861,3703.162,-173.149,Tunnel_Well,110,380,0
707.0477,3703.1748,-171.8863,Tunnel_Well,110,381,0
706.4952,3703.1868,-170.7015,Tunnel_Well,110,382,0
705.7453,3703.1976,-169.6307,Tunnel_Well,110,383,0
704.8209,3703.2069,-168.7063,Tunnel_Well,110,384,0
703.75,3703.2145,-167.9565,Tunnel_Well,110,385,0
702.5652,3703.2201,-167.404,Tunnel_Well,110,386,0
701.3024,3703.2235,-167.0657,Tunnel_Well,110,387,0
700.0,3703.2247,-166.9517,Tunnel_Well,110,388,0
698.6976,3703.2235,-167.0657,Tunnel_Well,110,389,0
697.4348,3703.2201,-167.404,Tunnel_Well,110,390,0
696.25,3703.2145,-167.9565,Tunnel_Well,110,391,0
695.1791,3703.2069,-168.7063,Tunnel_Well,110,392,0
694.2547,3703.1976,-169.6307,Tunnel_Well,110,393,0
693.5048,3703.1868,-170.7015,Tunnel_Well,110,394,0
692.9523,3703.1748,-171.8863,Tunnel_Well,110,395,0
692.6139,3703.162,-173.149,Tunnel_Well,110,396,0
692.5,3733.1473,-174.7545,Tunnel_Well,110,397,0
692.6139,3733.1342,-176.0568,Tunnel_Well,110,398,0
692.9523,3733.1214,-177.3196,Tunnel_Well,110,399,0
693.5048,3733.1094,-178.5044,Tunnel_Well,110,400,0
694.2547,3733.0986,-179.5752,Tunnel_Well,110,401,0
695.1791,3733.0893,-180.4996,Tunnel_Well,110,402,0
696.25,3733.0817,-181.2494,Tunnel_Well,110,403,0
697.4348,3733.0761,-181.8019,Tunnel_Well,110,404,0
698.6976,3733.0727,-182.1402,Tunnel_Well,110,405,0
700.0,3733.0715,-182.2542,Tunnel_Well,110,406,0
701.3024,3733.0727,-182.1402,Tunnel_Well,110,407,0
702.5652,3733.0761,-181.8019,Tunnel_Well,110,408,0
703.75,3733.0817,-181.2494,Tunnel_Well,110,409,0
704.8209,3733.0893,-180.4996,Tunnel_Well,110,410,0
705.7453,3733.0986,-179.5752,Tunnel_Well,110,411,0
706.4952,3733.1094,-178.5044,Tunnel_Well,110,412,0
707.0477,3733.1214,-177.3196,Tunnel_Well,110,413,0
707.3861,3733.1342,-176.0568,Tunnel_Well,110,414,0
707.5,3733.1473,-174.7545,Tunnel_Well,110,415,0
707.3861,3733.1605,-173.4523,Tunnel_Well,110,416,0
707.0477,3733.1732,-172.1895,Tunnel_Well,110,417,0
706.4952,3733.1852,-171.0047,Tunnel_Well,110,418,0
705.7453,3733.196,-169.9339,Tunnel_Well,110,419,0
704.8209,3733.2054,-169.0095,Tunnel_Well,110,420,0
703.75,3733.213,-168.2597,Tunnel_Well,110,421,0
702.5652,3733.2186,-167.7072,Tunnel_Well,110,422,0
701.3024,3733.222,-167.3689,Tunnel_Well,110,423,0
700.0,3733.2231,-167.2549,Tunnel_Well,110,424,0
698.6976,3733.222,-167.3689,Tunnel_Well,110,425,0
697.4348,3733.2186,-167.7072,Tunnel_Well,110,426,0
696.25,3733.213,-168.2597,Tunnel_Well,110,427,0
695.1791,3733.2054,-169.0095,Tunnel_Well,110,428,0
694.2547,3733.196,-169.9339,Tunnel_Well,110,429,0
693.5048,3733.1852,-171.0047,Tunnel_Well,110,430,0
692.9523,3733.1732,-172.1895,Tunnel_Well,110,431,0
692.6139,3733.1605,-173.4523,Tunnel_Well,110,432,0
692.5,3763.1458,-175.0578,Tunnel_Well,110,433,0
692.6139,3763.1326,-176.3601,Tunnel_Well,110,434,0
692.9523,3763.1199,-177.6228,Tunnel_Well,110,435,0
693.5048,3763.1079,-178.8076,Tunnel_Well,110,436,0
694.2547,3763.0971,-179.8784,Tunnel_Well,110,437,0
695.1791,3763.0877,-180.8028,Tunnel_Well,110,438,0
696.25,3763.0801,-181.5526,Tunnel_Well,110,439,0
697.4348,3763.0746,-182.1051,Tunnel_Well,110,440,0
698.6976,3763.0711,-182.4434,Tunnel_Well,110,441,0
700.0,3763.07,-182.5574,Tunnel_Well,110,442,0
701.3024,3763.0711,-182.4434,Tunnel_Well,110,443,0
702.5652,3763.0746,-182.1051,Tunnel_Well,110,444,0
703.75,3763.0801,-181.5526,Tunnel_Well,110,445,0
704.8209,3763.0877,-180.8028,Tunnel_Well,110,446,0
705.7453,3763.0971,-179.8784,Tunnel_Well,110,447,0
706.4952,3763.1079,-178.8076,Tunnel_Well,110,448,0
707.0477,3763.1199,-177.6228,Tunnel_Well,110,449,0
707.3861,3763.1326,-176.3601,Tunnel_Well,110,450,0
707.5,3763.1458,-175.0578,Tunnel_Well,110,451,0
707.3861,3763.159,-173.7555,Tunnel_Well,110,452,0
707.0477,3763.1717,-172.4927,Tunnel_Well,110,453,0
706.4952,3763.1837,-171.3079,Tunnel_Well,110,454,0
705.7453,3763.1945,-170.2371,Tunnel_Well,110,455,0
704.8209,3763.2039,-169.3127,Tunnel_Well,110,456,0
703.75,3763.2114,-168.5629,Tunnel_Well,110,457,0
702.5652,3763.217,-168.0104,Tunnel_Well,110,458,0
701.3024,3763.2204,-167.6721,Tunnel_Well,110,459,0
700.0,3763.2216,-167.5581,Tunnel_Well,110,460,0
698.6976,3763.2204,-167.6721,Tunnel_Well,110,461,0
697.4348,3763.217,-168.0104,Tunnel_Well,110,462,0
696.25,3763.2114,-168.5629,Tunnel_Well,110,463,0
695.1791,3763.2039,-169.3127,Tunnel_Well,110,464,0
694.2547,3763.1945,-170.2371,Tunnel_Well,110,465,0
693.5048,3763.1837,-171.3079,Tunnel_Well,110,466,0
692.9523,3763.1717,-172.4927,Tunnel_Well,110,467,0
692.6139,3763.159,-173.7555,Tunnel_Well,110,468,0
692.5,3793.1443,-175.361,Tunnel_Well,110,469,0
692.6139,3793.1311,-176.6633,Tunnel_Well,110,470,0
692.9523,3793.1183,-177.926,Tunnel_Well,110,471,0
693.5048,3793.1064,-179.1108,Tunnel_Well,110,472,0
694.2547,3793.0955,-180.1816,Tunnel_Well,110,473,0
695.1791,3793.0862,-181.106,Tunnel_Well,110,474,0
696.25,3793.0786,-181.8558,Tunnel_Well,110,475,0
697.4348,3793.073,-182.4083,Tunnel_Well,110,476,0
698.6976,3793.0696,-182.7466,Tunnel_Well,110,477,0
700.0,3793.0685,-182.8606,Tunnel_Well,110,478,0
701.3024,3793.0696,-182.7466,Tunnel_Well,110,479,0
702.5652,3793.073,-182.4083,Tunnel_Well,110,480,0
703.75,3793.0786,-181.8558,Tunnel_Well,110,481,0
704.8209,3793.0862,-181.106,Tunnel_Well,110,482,0
705.7453,3793.0955,-180.1816,Tunnel_Well,110,483,0
706.4952,3793.1064,-179.1108,Tunnel_Well,110,484,0
707.0477,3793.1183,-177.926,Tunnel_Well,110,485,0
707.3861,3793.1311,-176.6633,Tunnel_Well,110,486,0
707.5,3793.1443,-175.361,Tunnel_Well,110,487,0
707.3861,3793.1574,-174.0587,Tunnel_Well,110,488,0
707.0477,3793.1702,-172.7959,Tunnel_Well,110,489,0
706.4952,3793.1822,-171.6112,Tunnel_Well,110,490,0
705.7453,3793.193,-170.5403,Tunnel_Well,110,491,0
704.8209,3793.2023,-169.6159,Tunnel_Well,110,492,0
703.75,3793.2099,-168.8661,Tunnel_Well,110,493,0
702.5652,3793.2155,-168.3136,Tunnel_Well,110,494,0
701.3024,3793.2189,-167.9753,Tunnel_Well,110,495,0
700.0,3793.2201,-167.8613,Tunnel_Well,110,496,0
698.6976,3793.2189,-167.9753,Tunnel_Well,110,497,0
697.4348,3793.2155,-168.3136,Tunnel_Well,110,498,0
696.25,3793.2099,-168.8661,Tunnel_Well,110,499,0
695.1791,3793.2023,-169.6159,Tunnel_Well,110,500,0
694.2547,3793.193,-170.5403,Tunnel_Well,110,501,0
693.5048,3793.1822,-171.6112,Tunnel_Well,110,502,0
692.9523,3793.1702,-172.7959,Tunnel_Well,110,503,0
692.6139,3793.1574,-174.0587,Tunnel_Well,110,504,0
692.5,3823.1427,-175.6642,Tunnel_Well,110,505,0
692.6139,3823.1296,-176.9665,Tunnel_Well,110,506,0
692.9523,3823.1168,-178.2292,Tunnel_Well,110,507,0
693.5048,3823.1048,-179.414,Tunnel_Well,110,508,0
694.2547,3823.094,-180.4848,Tunnel_Well,110,509,0
695.1791,3823.0847,-181.4092,Tunnel_Well,110,510,0
696.25,3823.0771,-182.159,Tunnel_Well,110,511,0
697.4348,3823.0715,-182.7115,Tunnel_Well,110,512,0
698.6976,3823.0681,-183.0499,Tunnel_Well,110,513,0
700.0,3823.0669,-183.1638,Tunnel_Well,110,514,0
701.3024,3823.0681,-183.0499,Tunnel_Well,110,515,0
702.5652,3823.0715,-182.7115,Tunnel_Well,110,516,0
703.75,3823.0771,-182.159,Tunnel_Well,110,517,0
704.8209,3823.0847,-181.4092,Tunnel_Well,110,518,0
705.7453,3823.094,-180.4848,Tunnel_Well,110,519,0
706.4952,3823.1048,-179.414,Tunnel_Well,110,520,0
707.0477,3823.1168,-178.2292,Tunnel_Well,110,521,0
707.3861,3823.1296,-176.9665,Tunnel_Well,110,522,0
707.5,3823.1427,-175.6642,Tunnel_Well,110,523,0
707.3861,3823.1559,-174.3619,Tunnel_Well,110,524,0
707.0477,3823.1686,-173.0992,Tunnel_Well,110,525,0
706.4952,3823.1806,-171.9144,Tunnel_Well,110,526,0
705.7453,3823.1914,-170.8435,Tunnel_Well,110,527,0
704.8209,3823.2008,-169.9191,Tunnel_Well,110,528,0
703.75,3823.2084,-169.1693,Tunnel_Well,110,529,0
702.5652,3823.214,-168.6168,Tunnel_Well,110,530,0
701.3024,3823.2174,-168.2785,Tunnel_Well,110,531,0
700.0,3823.2185,-168.1646,Tunnel_Well,110,532,0
698.6976,3823.2174,-168.2785,Tunnel_Well,110,533,0
697.4348,3823.214,-168.6168,Tunnel_Well,110,534,0
696.25,3823.2084,-169.1693,Tunnel_Well,110,535,0
695.1791,3823.2008,-169.9191,Tunnel_Well,110,536,0
694.2547,3823.1914,-170.8435,Tunnel_Well,110,537,0
693.5048,3823.1806,-171.9144,Tunnel_Well,110,538,0
692.9523,3823.1686,-173.0992,Tunnel_Well,110,539,0
692.6139,3823.1559,-174.3619,Tunnel_Well,110,540,0
692.5,3853.1412,-175.9674,Tunnel_Well,110,541,0
692.6139,3853.128,-177.2697,Tunnel_Well,110,542,0
692.9523,3853.1153,-178.5324,Tunnel_Well,110,543,0
693.5048,3853.1033,-179.7172,Tunnel_Well,110,544,0
694.2547,3853.0925,-180.788,Tunnel_Well,110,545,0
695.1791,3853.0831,-181.7124,Tunnel_Well,110,546,0
696.25,3853.0755,-182.4622,Tunnel_Well,110,547,0
697.4348,3853.07,-183.0147,Tunnel_Well,110,548,0
698.6976,3853.0665,-183.3531,Tunnel_Well,110,549,0
700.0,3853.0654,-183.467,Tunnel_Well,110,550,0
701.3024,3853.0665,-183.3531,Tunnel_Well,110,551,0
702.5652,3853.07,-183.0147,Tunnel_Well,110,552,0
703.75,3853.0755,-182.4622,Tunnel_Well,110,553,0
704.8209,3853.0831,-181.7124,Tunnel_Well,110,554,0
705.7453,3853.0925,-180.788,Tunnel_Well,110,555,0
706.4952,3853.1033,-179.7172,Tunnel_Well,110,556,0
707.0477,3853.1153,-178.5324,Tunnel_Well,110,557,0
707.3861,3853.128,-177.2697,Tunnel_Well,110,558,0
707.5,3853.1412,-175.9674,Tunnel_Well,110,559,0
707.3861,3853.1544,-174.6651,Tunnel_Well,110,560,0
707.0477,3853.1671,-173.4024,Tunnel_Well,110,561,0
706.4952,3853.1791,-172.2176,Tunnel_Well,110,562,0
705.7453,3853.1899,-171.1467,Tunnel_Well,110,563,0
704.8209,3853.1993,-170.2223,Tunnel_Well,110,564,0
703.75,3853.2068,-169.4725,Tunnel_Well,110,565,0
702.5652,3853.2124,-168.92,Tunnel_Well,110,566,0
701.3024,3853.2158,-168.5817,Tunnel_Well,110,567,0
700.0,3853.217,-168.4678,Tunnel_Well,110,568,0
698.6976,3853.2158,-168.5817,Tunnel_Well,110,569,0
697.4348,3853.2124,-168.92,Tunnel_Well,110,570,0
696.25,3853.2068,-169.4725,Tunnel_Well,110,571,0
695.1791,3853.1993,-170.2223,Tunnel_Well,110,572,0
694.2547,3853.1899,-171.1467,Tunnel_Well,110,573,0
693.5048,3853.1791,-172.2176,Tunnel_Well,110,574,0
692.9523,3853.1671,-173.4024,Tunnel_Well,110,575,0
692.6139,3853.1544,-174.6651,Tunnel_Well,110,576,0
692.5,3883.1397,-176.2706,Tunnel_Well,110,577,0
692.6139,3883.1265,-177.5729,Tunnel_Well,110,578,0
692.9523,3883.1137,-178.8356,Tunnel_Well,110,579,0
693.5048,3883.1018,-180.0204,Tunnel_Well,110,580,0
694.2547,3883.0909,-181.0912,Tunnel_Well,110,581,0
695.1791,3883.0816,-182.0156,Tunnel_Well,110,582,0
696.25,3883.074,-182.7654,Tunnel_Well,110,583,0
697.4348,3883.0684,-183.3179,Tunnel_Well,110,584,0
698.6976,3883.065,-183.6563,Tunnel_Well,110,585,0
700.0,3883.0639,-183.7702,Tunnel_Well,110,586,0
701.3024,3883.065,-183.6563,Tunnel_Well,110,587,0
702.5652,3883.0684,-183.3179,Tunnel_Well,110,588,0
703.75,3883.074,-182.7654,Tunnel_Well,110,589,0
704.8209,3883.0816,-182.0156,Tunnel_Well,110,590,0
705.7453,3883.0909,-181.0912,Tunnel_Well,110,591,0
706.4952,3883.1018,-180.0204,Tunnel_Well,110,592,0
707.0477,3883.1137,-178.8356,Tunnel_Well,110,593,0
707.3861,3883.1265,-177.5729,Tunnel_Well,110,594,0
707.5,3883.1397,-176.2706,Tunnel_Well,110,595,0
707.3861,3883.1528,-174.9683,Tunnel_Well,110,596,0
707.0477,3883.1656,-173.7056,Tunnel_Well,110,597,0
706.4952,3883.1776,-172.5208,Tunnel_Well,110,598,0
705.7453,3883.1884,-171.4499,Tunnel_Well,110,599,0
704.8209,3883.1977,-170.5255,Tunnel_Well,110,600,0
703.75,3883.2053,-169.7757,Tunnel_Well,110,601,0
702.5652,3883.2109,-169.2233,Tunnel_Well,110,602,0
701.3024,3883.2143,-168.8849,Tunnel_Well,110,603,0
700.0,3883.2155,-168.771,Tunnel_Well,110,604,0
698.6976,3883.2143,-168.8849,Tunnel_Well,110,605,0
697.4348,3883.2109,-169.2233,Tunnel_Well,110,606,0
696.25,3883.2053,-169.7757,Tunnel_Well,110,607,0
695.1791,3883.1977,-170.5255,Tunnel_Well,110,608,0
694.2547,3883.1884,-171.4499,Tunnel_Well,110,609,0
693.5048,3883.1776,-172.5208,Tunnel_Well,110,610,0
692.9523,3883.1656,-173.7056,Tunnel_Well,110,611,0
692.6139,3883.1528,-174.9683,Tunnel_Well,110,612,0
692.5,3913.1381,-176.5738,Tunnel_Well,110,613,0
692.6139,3913.125,-177.8761,Tunnel_Well,110,614,0
692.9523,3913.1122,-179.1388,Tunnel_Well,110,615,0
693.5048,3913.1002,-180.3236,Tunnel_Well,110,616,0
694.2547,3913.0894,-181.3945,Tunnel_Well,110,617,0
695.1791,3913.0801,-182.3188,Tunnel_Well,110,618,0
696.25,3913.0725,-183.0687,Tunnel_Well,110,619,0
697.4348,3913.0669,-183.6211,Tunnel_Well,110,620,0
698.6976,3913.0635,-183.9595,Tunnel_Well,110,621,0
700.0,3913.0623,-184.0734,Tunnel_Well,110,622,0
701.3024,3913.0635,-183.9595,Tunnel_Well,110,623,0
702.5652,3913.0669,-183.6211,Tunnel_Well,110,624,0
703.75,3913.0725,-183.0687,Tunnel_Well,110,625,0
704.8209,3913.0801,-182.3188,Tunnel_Well,110,626,0
705.7453,3913.0894,-181.3945,Tunnel_Well,110,627,0
706.4952,3913.1002,-180.3236,Tunnel_Well,110,628,0
707.0477,3913.1122,-179.1388,Tunnel_Well,110,629,0
707.3861,3913.125,-177.8761,Tunnel_Well,110,630,0
707.5,3913.1381,-176.5738,Tunnel_Well,110,631,0
707.3861,3913.1513,-175.2715,Tunnel_Well,110,632,0
707.0477,3913.1641,-174.0088,Tunnel_Well,110,633,0
706.4952,3913.176,-172.824,Tunnel_Well,110,634,0
705.7453,3913.1869,-171.7531,Tunnel_Well,110,635,0
704.8209,3913.1962,-170.8288,Tunnel_Well,110,636,0
703.75,3913.2038,-170.0789,Tunnel_Well,110,637,0
702.5652,3913.2094,-169.5265,Tunnel_Well,110,638,0
701.3024,3913.2128,-169.1881,Tunnel_Well,110,639,0
700.0,3913.2139,-169.0742,Tunnel_Well,110,640,0
698.6976,3913.2128,-169.1881,Tunnel_Well,110,641,0
697.4348,3913.2094,-169.5265,Tunnel_Well,110,642,0
696.25,3913.2038,-170.0789,Tunnel_Well,110,643,0
695.1791,3913.1962,-170.8288,Tunnel_Well,110,644,0
694.2547,3913.1869,-171.7531,Tunnel_Well,110,645,0
693.5048,3913.176,-172.824,Tunnel_Well,110,646,0
692.9523,3913.1641,-174.0088,Tunnel_Well,110,647,0
692.6139,3913.1513,-175.2715,Tunnel_Well,110,648,0
692.5,3943.1366,-176.877,Tunnel_Well,110,649,0
692.6139,3943.1234,-178.1793,Tunnel_Well,110,650,0
692.9523,3943.1107,-179.442,Tunnel_Well,110,651,0
693.5048,3943.0987,-180.6268,Tunnel_Well,110,652,0
694.2547,3943.0879,-181.6977,Tunnel_Well,110,653,0
695.1791,3943.0785,-182.622,Tunnel_Well,110,654,0
696.25,3943.0709,-183.3719,Tunnel_Well,110,655,0
697.4348,3943.0654,-183.9243,Tunnel_Well,110,656,0
698.6976,3943.0619,-184.2627,Tunnel_Well,110,657,0
700.0,3943.0608,-184.3766,Tunnel_Well,110,658,0
701.3024,3943.0619,-184.2627,Tunnel_Well,110,659,0
702.5652,3943.0654,-183.9243,Tunnel_Well,110,660,0
703.75,3943.0709,-183.3719,Tunnel_Well,110,661,0
704.8209,3943.0785,-182.622,Tunnel_Well,110,662,0
705.7453,3943.0879,-181.6977,Tunnel_Well,110,663,0
706.4952,3943.0987,-180.6268,Tunnel_Well,110,664,0
707.0477,3943.1107,-179.442,Tunnel_Well,110,665,0
707.3861,3943.1234,-178.1793,Tunnel_Well,110,666,0
707.5,3943.1366,-176.877,Tunnel_Well,110,667,0
707.3861,3943.1498,-175.5747,Tunnel_Well,110,668,0
707.0477,3943.1625,-174.312,Tunnel_Well,110,669,0
706.4952,3943.1745,-173.1272,Tunnel_Well,110,670,0
705.7453,3943.1853,-172.0563,Tunnel_Well,110,671,0
704.8209,3943.1947,-171.132,Tunnel_Well,110,672,0
703.75,3943.2022,-170.3821,Tunnel_Well,110,673,0
702.5652,3943.2078,-169.8297,Tunnel_Well,110,674,0
701.3024,3943.2112,-169.4913,Tunnel_Well,110,675,0
700.0,3943.2124,-169.3774,Tunnel_Well,110,676,0
698.6976,3943.2112,-169.4913,Tunnel_Well,110,677,0
697.4348,3943.2078,-169.8297,Tunnel_Well,110,678,0
696.25,3943.2022,-170.3821,Tunnel_Well,110,679,0
695.1791,3943.1947,-171.132,Tunnel_Well,110,680,0
694.2547,3943.1853,-172.0563,Tunnel_Well,110,681,0
693.5048,3943.1745,-173.1272,Tunnel_Well,110,682,0
692.9523,3943.1625,-174.312,Tunnel_Well,110,683,0
692.6139,3943.1498,-175.5747,Tunnel_Well,110,684,0
692.5,3973.1351,-177.1802,Tunnel_Well,110,685,0
692.6139,3973.1219,-178.4825,Tunnel_Well,110,686,0
692.9523,3973.1091,-179.7452,Tunnel_Well,110,687,0
693.5048,3973.0972,-180.93,Tunnel_Well,110,688,0
694.2547,3973.0863,-182.0009,Tunnel_Well,110,689,0
695.1791,3973.077,-182.9252,Tunnel_Well,110,690,0
696.25,3973.0694,-183.6751,Tunnel_Well,110,691,0
697.4348,3973.0638,-184.2275,Tunnel_Well,110,692,0
698.6976,3973.0604,-184.5659,Tunnel_Well,110,693,0
700.0,3973.0593,-184.6798,Tunnel_Well,110,694,0
701.3024,3973.0604,-184.5659,Tunnel_Well,110,695,0
702.5652,3973.0638,-184.2275,Tunnel_Well,110,696,0
703.75,3973.0694,-183.6751,Tunnel_Well,110,697,0
704.8209,3973.077,-182.9252,Tunnel_Well,110,698,0
705.7453,3973.0863,-182.0009,Tunnel_Well,110,699,0
706.4952,3973.0972,-180.93,Tunnel_Well,110,700,0
707.0477,3973.1091,-179.7452,Tunnel_Well,110,701,0
707.3861,3973.1219,-178.4825,Tunnel_Well,110,702,0
707.5,3973.1351,-177.1802,Tunnel_Well,110,703,0
707.3861,3973.1482,-175.8779,Tunnel_Well,110,704,0
707.0477,3973.161,-174.6152,Tunnel_Well,110,705,0
706.4952,3973.173,-173.4304,Tunnel_Well,110,706,0
705.7453,3973.1838,-172.3595,Tunnel_Well,110,707,0
704.8209,3973.1931,-171.4352,Tunnel_Well,110,708,0
703.75,3973.2007,-170.6853,Tunnel_Well,110,709,0
702.5652,3973.2063,-170.1329,Tunnel_Well,110,710,0
701.3024,3973.2097,-169.7945,Tunnel_Well,110,711,0
700.0,3973.2109,-169.6806,Tunnel_Well,110,712,0
698.6976,3973.2097,-169.7945,Tunnel_Well,110,713,0
697.4348,3973.2063,-170.1329,Tunnel_Well,110,714,0
696.25,3973.2007,-170.6853,Tunnel_Well,110,715,0
695.1791,3973.1931,-171.4352,Tunnel_Well,110,716,0
694.2547,3973.1838,-172.3595,Tunnel_Well,110,717,0
693.5048,3973.173,-173.4304,Tunnel_Well,110,718,0
692.9523,3973.161,-174.6152,Tunnel_Well,110,719,0
692.6139,3973.1482,-175.8779,Tunnel_Well,110,720,0
692.5,4000.0,-177.4517,Tunnel_Well,110,721,0
692.6139,3999.9868,-178.754,Tunnel_Well,110,722,0
692.9523,3999.9741,-180.0168,Tunnel_Well,110,723,0
693.5048,3999.9621,-181.2016,Tunnel_Well,110,724,0
694.2547,3999.9513,-182.2724,Tunnel_Well,110,725,0
695.1791,3999.9419,-183.1968,Tunnel_Well,110,726,0
696.25,3999.9344,-183.9466,Tunnel_Well,110,727,0
697.4348,3999.9288,-184.4991,Tunnel_Well,110,728,0
698.6976,3999.9253,-184.8374,Tunnel_Well,110,729,0
700.0,3999.9242,-184.9514,Tunnel_Well,110,730,0
701.3024,3999.9253,-184.8374,Tunnel_Well,110,731,0
702.5652,3999.9288,-184.4991,Tunnel_Well,110,732,0
703.75,3999.9344,-183.9466,Tunnel_Well,110,733,0
704.8209,3999.9419,-183.1968,Tunnel_Well,110,734,0
705.7453,3999.9513,-182.2724,Tunnel_Well,110,735,0
706.4952,3999.9621,-181.2016,Tunnel_Well,110,736,0
707.0477,3999.9741,-180.0168,Tunnel_Well,110,737,0
707.3861,3999.9868,-178.754,Tunnel_Well,110,738,0
707.5,4000.0,-177.4517,Tunnel_Well,110,739,0
707.3861,4000.0132,-176.1494,Tunnel_Well,110,740,0
707.0477,4000.0259,-174.8867,Tunnel_Well,110,741,0
706.4952,4000.0379,-173.7019,Tunnel_Well,110,742,0
705.7453,4000.0487,-172.6311,Tunnel_Well,110,743,0
704.8209,4000.0581,-171.7067,Tunnel_Well,110,744,0
703.75,4000.0656,-170.9569,Tunnel_Well,110,745,0
702.5652,4000.0712,-170.4044,Tunnel_Well,110,746,0
701.3024,4000.0747,-170.0661,Tunnel_Well,110,747,0
700.0,4000.0758,-169.9521,Tunnel_Well,110,748,0
698.6976,4000.0747,-170.0661,Tunnel_Well,110,749,0
697.4348,4000.0712,-170.4044,Tunnel_Well,110,750,0
696.25,4000.0656,-170.9569,Tunnel_Well,110,751,0
695.1791,4000.0581,-171.7067,Tunnel_Well,110,752,0
694.2547,4000.0487,-172.6311,Tunnel_Well,110,753,0
693.5048,4000.0379,-173.7019,Tunnel_Well,110,754,0
692.9523,4000.0259,-174.8867,Tunnel_Well,110,755,0
692.6139,4000.0132,-176.1494,Tunnel_Well,110,756,0
