Unnamed: 0,x,y,z,Name,Id,Vertex Index,PType,uncertaintyclasses
33942,2296.4286,1445.986,-410.1054,Horizon_03,318,1054,0,2.0
33943,2300.0,1445.986,-410.1054,Horizon_03,318,1055,0,2.0
33944,2303.5714,1445.986,-410.1054,Horizon_03,318,1056,0,2.0
33999,2296.4286,1442.8324,-411.6431,Horizon_03,318,1111,0,2.0
34000,2300.0,1442.8324,-411.6431,Horizon_03,318,1112,0,2.0
34001,2303.5714,1442.8324,-411.6431,Horizon_03,318,1113,0,2.0
34056,2296.4286,1439.6787,-413.1808,Horizon_03,318,1168,0,2.0
34057,2300.0,1439.6787,-413.1808,Horizon_03,318,1169,0,2.0
34058,2303.5714,1439.6787,-413.1808,Horizon_03,318,1170,0,2.0
34113,2296.4286,1436.5251,-414.7185,Horizon_03,318,1225,0,2.0
34114,2300.0,1436.5251,-414.7185,Horizon_03,318,1226,0,2.0
34115,2303.5714,1436.5251,-414.7185,Horizon_03,318,1227,0,2.0
34170,2296.4286,1433.3714,-416.2563,Horizon_03,318,1282,0,2.0
34171,2300.0,1433.3714,-416.2563,Horizon_03,318,1283,0,2.0
34172,2303.5714,1433.3714,-416.2563,Horizon_03,318,1284,0,2.0
34455,2296.4286,1417.6032,-423.9449,Horizon_03,318,1567,0,2.0
34456,2300.0,1417.6032,-423.9449,Horizon_03,318,1568,0,2.0
34457,2303.5714,1417.6032,-423.9449,Horizon_03,318,1569,0,2.0
34512,2296.4286,1414.4495,-425.4827,Horizon_03,318,1624,0,2.0
34513,2300.0,1414.4495,-425.4827,Horizon_03,318,1625,0,2.0
34514,2303.5714,1414.4495,-425.4827,Horizon_03,318,1626,0,2.0
34569,2296.4286,1411.2958,-427.0204,Horizon_03,318,1681,0,2.0
34570,2300.0,1411.2958,-427.0204,Horizon_03,318,1682,0,2.0
34571,2303.5714,1411.2958,-427.0204,Horizon_03,318,1683,0,2.0
34626,2296.4286,1408.1422,-428.5581,Horizon_03,318,1738,0,2.0
34627,2300.0,1408.1422,-428.5581,Horizon_03,318,1739,0,2.0
34628,2303.5714,1408.1422,-428.5581,Horizon_03,318,1740,0,2.0
34683,2296.4286,1404.9885,-430.0959,Horizon_03,318,1795,0,2.0
34684,2300.0,1404.9885,-430.0959,Horizon_03,318,1796,0,2.0
34685,2303.5714,1404.9885,-430.0959,Horizon_03,318,1797,0,2.0
34741,2300.0,1401.8349,-431.6335,Horizon_03,318,1853,0,2.0
35026,2300.0,1386.048,-439.284,Horizon_03,318,2138,0,2.0
35082,2296.4286,1382.8884,-440.8094,Horizon_03,318,2194,0,2.0
35083,2300.0,1382.8884,-440.8094,Horizon_03,318,2195,0,2.0
35084,2303.5714,1382.8884,-440.8094,Horizon_03,318,2196,0,2.0
35139,2296.4286,1379.7287,-442.3347,Horizon_03,318,2251,0,2.0
35140,2300.0,1379.7287,-442.3347,Horizon_03,318,2252,0,2.0
35141,2303.5714,1379.7287,-442.3347,Horizon_03,318,2253,0,2.0
35196,2296.4286,1376.5691,-443.8601,Horizon_03,318,2308,0,2.0
35197,2300.0,1376.5691,-443.8601,Horizon_03,318,2309,0,2.0
35198,2303.5714,1376.5691,-443.8601,Horizon_03,318,2310,0,2.0
35652,2296.4286,1354.2043,-438.6584,Horizon_03,318,2764,0,2.0
35653,2300.0,1354.2043,-438.6584,Horizon_03,318,2765,0,2.0
35654,2303.5714,1354.2043,-438.6584,Horizon_03,318,2766,0,2.0
35709,2296.4286,1352.4811,-435.6021,Horizon_03,318,2821,0,2.0
35710,2300.0,1352.4811,-435.6021,Horizon_03,318,2822,0,2.0
35711,2303.5714,1352.4811,-435.6021,Horizon_03,318,2823,0,2.0
35766,2296.4286,1350.79,-432.528,Horizon_03,318,2878,0,2.0
35767,2300.0,1350.79,-432.528,Horizon_03,318,2879,0,2.0
35768,2303.5714,1350.79,-432.528,Horizon_03,318,2880,0,2.0
35823,2296.4286,1349.1026,-429.4519,Horizon_03,318,2935,0,2.0
35824,2300.0,1349.1026,-429.4519,Horizon_03,318,2936,0,2.0
35825,2303.5714,1349.1026,-429.4519,Horizon_03,318,2937,0,2.0
35880,2296.4286,1347.4057,-426.3809,Horizon_03,318,2992,0,2.0
35881,2300.0,1347.4057,-426.3809,Horizon_03,318,2993,0,2.0
35882,2303.5714,1347.4057,-426.3809,Horizon_03,318,2994,0,2.0
35937,2296.4286,1345.6536,-423.3411,Horizon_03,318,3049,0,2.0
35938,2300.0,1345.6536,-423.3411,Horizon_03,318,3050,0,2.0
35939,2303.5714,1345.6536,-423.3411,Horizon_03,318,3051,0,2.0
35994,2296.4286,1343.7752,-420.3777,Horizon_03,318,3106,0,2.0
35995,2300.0,1343.7752,-420.3777,Horizon_03,318,3107,0,2.0
35996,2303.5714,1343.7752,-420.3777,Horizon_03,318,3108,0,2.0
36052,2300.0,1341.7556,-417.5086,Horizon_03,318,3164,0,2.0
50757,2303.5714,1476.3616,-411.6602,Horizon_04,319,484,0,2.0
50758,2300.0,1476.3616,-411.6602,Horizon_04,319,485,0,2.0
50759,2296.4286,1476.3616,-411.6602,Horizon_04,319,486,0,2.0
50814,2303.5714,1473.411,-413.5508,Horizon_04,319,541,0,2.0
50815,2300.0,1473.411,-413.5508,Horizon_04,319,542,0,2.0
50816,2296.4286,1473.411,-413.5508,Horizon_04,319,543,0,2.0
50871,2303.5714,1470.4518,-415.4279,Horizon_04,319,598,0,2.0
50872,2300.0,1470.4518,-415.4279,Horizon_04,319,599,0,2.0
50873,2296.4286,1470.4518,-415.4279,Horizon_04,319,600,0,2.0
50928,2303.5714,1467.457,-417.2476,Horizon_04,319,655,0,2.0
50929,2300.0,1467.457,-417.2476,Horizon_04,319,656,0,2.0
50930,2296.4286,1467.457,-417.2476,Horizon_04,319,657,0,2.0
50985,2303.5714,1464.3763,-418.9179,Horizon_04,319,712,0,2.0
50986,2300.0,1464.3763,-418.9179,Horizon_04,319,713,0,2.0
50987,2296.4286,1464.3763,-418.9179,Horizon_04,319,714,0,2.0
51043,2300.0,1461.2348,-420.4706,Horizon_04,319,770,0,2.0
51271,2300.0,1448.6355,-426.6142,Horizon_04,319,998,0,2.0
51327,2303.5714,1445.4856,-428.1501,Horizon_04,319,1054,0,2.0
51328,2300.0,1445.4856,-428.1501,Horizon_04,319,1055,0,2.0
51329,2296.4286,1445.4856,-428.1501,Horizon_04,319,1056,0,2.0
51384,2303.5714,1442.3358,-429.686,Horizon_04,319,1111,0,2.0
51385,2300.0,1442.3358,-429.686,Horizon_04,319,1112,0,2.0
51386,2296.4286,1442.3358,-429.686,Horizon_04,319,1113,0,2.0
51441,2303.5714,1439.1859,-431.2218,Horizon_04,319,1168,0,2.0
51442,2300.0,1439.1859,-431.2218,Horizon_04,319,1169,0,2.0
51443,2296.4286,1439.1859,-431.2218,Horizon_04,319,1170,0,2.0
51498,2303.5714,1436.0361,-432.7577,Horizon_04,319,1225,0,2.0
51499,2300.0,1436.0361,-432.7577,Horizon_04,319,1226,0,2.0
51500,2296.4286,1436.0361,-432.7577,Horizon_04,319,1227,0,2.0
51555,2303.5714,1432.8863,-434.2936,Horizon_04,319,1282,0,2.0
51556,2300.0,1432.8863,-434.2936,Horizon_04,319,1283,0,2.0
51557,2296.4286,1432.8863,-434.2936,Horizon_04,319,1284,0,2.0
51897,2303.5714,1413.9872,-443.5088,Horizon_04,319,1624,0,2.0
51898,2300.0,1413.9872,-443.5088,Horizon_04,319,1625,0,2.0
51899,2296.4286,1413.9872,-443.5088,Horizon_04,319,1626,0,2.0
51954,2303.5714,1410.8374,-445.0447,Horizon_04,319,1681,0,2.0
51955,2300.0,1410.8374,-445.0447,Horizon_04,319,1682,0,2.0
51956,2296.4286,1410.8374,-445.0447,Horizon_04,319,1683,0,2.0
52011,2303.5714,1407.6875,-446.5806,Horizon_04,319,1738,0,2.0
52012,2300.0,1407.6875,-446.5806,Horizon_04,319,1739,0,2.0
52013,2296.4286,1407.6875,-446.5806,Horizon_04,319,1740,0,2.0
52467,2303.5714,1382.4501,-458.7879,Horizon_04,319,2194,0,2.0
52468,2300.0,1382.4501,-458.7879,Horizon_04,319,2195,0,2.0
52469,2296.4286,1382.4501,-458.7879,Horizon_04,319,2196,0,2.0
52524,2303.5714,1379.2943,-460.3114,Horizon_04,319,2251,0,2.0
52525,2300.0,1379.2943,-460.3114,Horizon_04,319,2252,0,2.0
52526,2296.4286,1379.2943,-460.3114,Horizon_04,319,2253,0,2.0
52581,2303.5714,1376.1383,-461.8346,Horizon_04,319,2308,0,2.0
52582,2300.0,1376.1383,-461.8346,Horizon_04,319,2309,0,2.0
52583,2296.4286,1376.1383,-461.8346,Horizon_04,319,2310,0,2.0
52638,2303.5714,1372.9643,-463.3199,Horizon_04,319,2365,0,2.0
52639,2300.0,1372.9643,-463.3199,Horizon_04,319,2366,0,2.0
52640,2296.4286,1372.9643,-463.3199,Horizon_04,319,2367,0,2.0
52923,2303.5714,1355.7736,-464.3275,Horizon_04,319,2650,0,2.0
52924,2300.0,1355.7736,-464.3275,Horizon_04,319,2651,0,2.0
52925,2296.4286,1355.7736,-464.3275,Horizon_04,319,2652,0,2.0
52980,2303.5714,1352.375,-463.4761,Horizon_04,319,2707,0,2.0
52981,2300.0,1352.375,-463.4761,Horizon_04,319,2708,0,2.0
52982,2296.4286,1352.375,-463.4761,Horizon_04,319,2709,0,2.0
53037,2303.5714,1349.5805,-461.3689,Horizon_04,319,2764,0,2.0
53038,2300.0,1349.5805,-461.3689,Horizon_04,319,2765,0,2.0
53039,2296.4286,1349.5805,-461.3689,Horizon_04,319,2766,0,2.0
53094,2303.5714,1347.4849,-458.5618,Horizon_04,319,2821,0,2.0
53095,2300.0,1347.4849,-458.5618,Horizon_04,319,2822,0,2.0
53096,2296.4286,1347.4849,-458.5618,Horizon_04,319,2823,0,2.0
53721,2303.5714,1327.7645,-425.4696,Horizon_04,319,3448,0,2.0
53722,2300.0,1327.7645,-425.4696,Horizon_04,319,3449,0,2.0
53723,2296.4286,1327.7645,-425.4696,Horizon_04,319,3450,0,2.0
53778,2303.5714,1325.7069,-422.6329,Horizon_04,319,3505,0,2.0
53779,2300.0,1325.7069,-422.6329,Horizon_04,319,3506,0,2.0
53780,2296.4286,1325.7069,-422.6329,Horizon_04,319,3507,0,2.0
53835,2303.5714,1323.6491,-419.7964,Horizon_04,319,3562,0,2.0
53836,2300.0,1323.6491,-419.7964,Horizon_04,319,3563,0,2.0
53837,2296.4286,1323.6491,-419.7964,Horizon_04,319,3564,0,2.0
53892,2303.5714,1321.5912,-416.9599,Horizon_04,319,3619,0,2.0
53893,2300.0,1321.5912,-416.9599,Horizon_04,319,3620,0,2.0
53894,2296.4286,1321.5912,-416.9599,Horizon_04,319,3621,0,2.0
53949,2303.5714,1319.5334,-414.1234,Horizon_04,319,3676,0,2.0
53950,2300.0,1319.5334,-414.1234,Horizon_04,319,3677,0,2.0
53951,2296.4286,1319.5334,-414.1234,Horizon_04,319,3678,0,2.0
54006,2303.5714,1317.4755,-411.2869,Horizon_04,319,3733,0,2.0
54007,2300.0,1317.4755,-411.2869,Horizon_04,319,3734,0,2.0
54008,2296.4286,1317.4755,-411.2869,Horizon_04,319,3735,0,2.0
54063,2303.5714,1315.4215,-408.4477,Horizon_04,319,3790,0,2.0
54064,2300.0,1315.4215,-408.4477,Horizon_04,319,3791,0,2.0
54065,2296.4286,1315.4215,-408.4477,Horizon_04,319,3792,0,2.0
54121,2300.0,1313.4152,-405.5745,Horizon_04,319,3848,0,2.0
67458,2296.4286,1500.0,-435.4349,Horizon_05,320,28,0,2.0
67459,2300.0,1500.0,-435.4349,Horizon_05,320,29,0,2.0
67460,2303.5714,1500.0,-435.4349,Horizon_05,320,30,0,2.0
67515,2296.4286,1497.012,-437.2775,Horizon_05,320,85,0,2.0
67516,2300.0,1497.012,-437.2775,Horizon_05,320,86,0,2.0
67517,2303.5714,1497.012,-437.2775,Horizon_05,320,87,0,2.0
67572,2296.4286,1494.0239,-439.1202,Horizon_05,320,142,0,2.0
67573,2300.0,1494.0239,-439.1202,Horizon_05,320,143,0,2.0
67574,2303.5714,1494.0239,-439.1202,Horizon_05,320,144,0,2.0
68427,2296.4286,1448.2642,-465.1269,Horizon_05,320,997,0,2.0
68428,2300.0,1448.2642,-465.1269,Horizon_05,320,998,0,2.0
68429,2303.5714,1448.2642,-465.1269,Horizon_05,320,999,0,2.0
68484,2296.4286,1445.164,-466.7739,Horizon_05,320,1054,0,2.0
68485,2300.0,1445.164,-466.7739,Horizon_05,320,1055,0,2.0
68486,2303.5714,1445.164,-466.7739,Horizon_05,320,1056,0,2.0
68541,2296.4286,1442.0638,-468.4208,Horizon_05,320,1111,0,2.0
68542,2300.0,1442.0638,-468.4208,Horizon_05,320,1112,0,2.0
68543,2303.5714,1442.0638,-468.4208,Horizon_05,320,1113,0,2.0
68598,2296.4286,1438.9636,-470.0677,Horizon_05,320,1168,0,2.0
68599,2300.0,1438.9636,-470.0677,Horizon_05,320,1169,0,2.0
68600,2303.5714,1438.9636,-470.0677,Horizon_05,320,1170,0,2.0
68655,2296.4286,1435.8541,-471.697,Horizon_05,320,1225,0,2.0
68656,2300.0,1435.8541,-471.697,Horizon_05,320,1226,0,2.0
68657,2303.5714,1435.8541,-471.697,Horizon_05,320,1227,0,2.0
68712,2296.4286,1432.6996,-473.2373,Horizon_05,320,1282,0,2.0
68713,2300.0,1432.6996,-473.2373,Horizon_05,320,1283,0,2.0
68714,2303.5714,1432.6996,-473.2373,Horizon_05,320,1284,0,2.0
68770,2300.0,1429.4929,-474.6658,Horizon_05,320,1340,0,2.0
68940,2296.4286,1419.7532,-478.6718,Horizon_05,320,1510,0,2.0
68941,2300.0,1419.7532,-478.6718,Horizon_05,320,1511,0,2.0
68942,2303.5714,1419.7532,-478.6718,Horizon_05,320,1512,0,2.0
68997,2296.4286,1416.5035,-479.9996,Horizon_05,320,1567,0,2.0
68998,2300.0,1416.5035,-479.9996,Horizon_05,320,1568,0,2.0
68999,2303.5714,1416.5035,-479.9996,Horizon_05,320,1569,0,2.0
69054,2296.4286,1413.2538,-481.3275,Horizon_05,320,1624,0,2.0
69055,2300.0,1413.2538,-481.3275,Horizon_05,320,1625,0,2.0
69056,2303.5714,1413.2538,-481.3275,Horizon_05,320,1626,0,2.0
69111,2296.4286,1410.0041,-482.6553,Horizon_05,320,1681,0,2.0
69112,2300.0,1410.0041,-482.6553,Horizon_05,320,1682,0,2.0
69113,2303.5714,1410.0041,-482.6553,Horizon_05,320,1683,0,2.0
69168,2296.4286,1406.7545,-483.9831,Horizon_05,320,1738,0,2.0
69169,2300.0,1406.7545,-483.9831,Horizon_05,320,1739,0,2.0
69170,2303.5714,1406.7545,-483.9831,Horizon_05,320,1740,0,2.0
69225,2296.4286,1403.5048,-485.311,Horizon_05,320,1795,0,2.0
69226,2300.0,1403.5048,-485.311,Horizon_05,320,1796,0,2.0
69227,2303.5714,1403.5048,-485.311,Horizon_05,320,1797,0,2.0
69282,2296.4286,1400.2551,-486.6388,Horizon_05,320,1852,0,2.0
69283,2300.0,1400.2551,-486.6388,Horizon_05,320,1853,0,2.0
69284,2303.5714,1400.2551,-486.6388,Horizon_05,320,1854,0,2.0
69510,2296.4286,1387.321,-492.1038,Horizon_05,320,2080,0,2.0
69511,2300.0,1387.321,-492.1038,Horizon_05,320,2081,0,2.0
69512,2303.5714,1387.321,-492.1038,Horizon_05,320,2082,0,2.0
69567,2296.4286,1384.1093,-493.521,Horizon_05,320,2137,0,2.0
69568,2300.0,1384.1093,-493.521,Horizon_05,320,2138,0,2.0
69569,2303.5714,1384.1093,-493.521,Horizon_05,320,2139,0,2.0
69624,2296.4286,1380.8979,-494.939,Horizon_05,320,2194,0,2.0
69625,2300.0,1380.8979,-494.939,Horizon_05,320,2195,0,2.0
69626,2303.5714,1380.8979,-494.939,Horizon_05,320,2196,0,2.0
69681,2296.4286,1377.6866,-496.357,Horizon_05,320,2251,0,2.0
69682,2300.0,1377.6866,-496.357,Horizon_05,320,2252,0,2.0
69683,2303.5714,1377.6866,-496.357,Horizon_05,320,2253,0,2.0
69738,2296.4286,1374.4752,-497.775,Horizon_05,320,2308,0,2.0
69739,2300.0,1374.4752,-497.775,Horizon_05,320,2309,0,2.0
69740,2303.5714,1374.4752,-497.775,Horizon_05,320,2310,0,2.0
70707,2296.4286,1322.1317,-501.9567,Horizon_05,320,3277,0,2.0
70709,2303.5714,1322.1317,-501.9567,Horizon_05,320,3279,0,2.0
70764,2296.4286,1320.3961,-498.9053,Horizon_05,320,3334,0,2.0
70765,2300.0,1320.3961,-498.9053,Horizon_05,320,3335,0,2.0
70766,2303.5714,1320.3961,-498.9053,Horizon_05,320,3336,0,2.0
70821,2296.4286,1318.6609,-495.8536,Horizon_05,320,3391,0,2.0
70822,2300.0,1318.6609,-495.8536,Horizon_05,320,3392,0,2.0
70823,2303.5714,1318.6609,-495.8536,Horizon_05,320,3393,0,2.0
70878,2296.4286,1316.9256,-492.802,Horizon_05,320,3448,0,2.0
70879,2300.0,1316.9256,-492.802,Horizon_05,320,3449,0,2.0
70880,2303.5714,1316.9256,-492.802,Horizon_05,320,3450,0,2.0
70935,2296.4286,1315.1904,-489.7504,Horizon_05,320,3505,0,2.0
70936,2300.0,1315.1904,-489.7504,Horizon_05,320,3506,0,2.0
70937,2303.5714,1315.1904,-489.7504,Horizon_05,320,3507,0,2.0
70992,2296.4286,1313.4551,-486.6987,Horizon_05,320,3562,0,2.0
70993,2300.0,1313.4551,-486.6987,Horizon_05,320,3563,0,2.0
70994,2303.5714,1313.4551,-486.6987,Horizon_05,320,3564,0,2.0
71049,2296.4286,1311.7199,-483.6471,Horizon_05,320,3619,0,2.0
71050,2300.0,1311.7199,-483.6471,Horizon_05,320,3620,0,2.0
71051,2303.5714,1311.7199,-483.6471,Horizon_05,320,3621,0,2.0
71106,2296.4286,1309.9846,-480.5954,Horizon_05,320,3676,0,2.0
71107,2300.0,1309.9846,-480.5954,Horizon_05,320,3677,0,2.0
71108,2303.5714,1309.9846,-480.5954,Horizon_05,320,3678,0,2.0
71790,2296.4286,1291.0156,-443.0145,Horizon_05,320,4360,0,2.0
71791,2300.0,1291.0156,-443.0145,Horizon_05,320,4361,0,2.0
71792,2303.5714,1291.0156,-443.0145,Horizon_05,320,4362,0,2.0
71847,2296.4286,1289.5426,-439.828,Horizon_05,320,4417,0,2.0
71848,2300.0,1289.5426,-439.828,Horizon_05,320,4418,0,2.0
71849,2303.5714,1289.5426,-439.828,Horizon_05,320,4419,0,2.0
71904,2296.4286,1288.0696,-436.6415,Horizon_05,320,4474,0,2.0
71905,2300.0,1288.0696,-436.6415,Horizon_05,320,4475,0,2.0
71906,2303.5714,1288.0696,-436.6415,Horizon_05,320,4476,0,2.0
71961,2296.4286,1286.5966,-433.455,Horizon_05,320,4531,0,2.0
71962,2300.0,1286.5966,-433.455,Horizon_05,320,4532,0,2.0
71963,2303.5714,1286.5966,-433.455,Horizon_05,320,4533,0,2.0
72018,2296.4286,1285.1236,-430.2685,Horizon_05,320,4588,0,2.0
72019,2300.0,1285.1236,-430.2685,Horizon_05,320,4589,0,2.0
72020,2303.5714,1285.1236,-430.2685,Horizon_05,320,4590,0,2.0
72075,2296.4286,1283.6506,-427.082,Horizon_05,320,4645,0,2.0
72076,2300.0,1283.6506,-427.082,Horizon_05,320,4646,0,2.0
72077,2303.5714,1283.6506,-427.082,Horizon_05,320,4647,0,2.0
72132,2296.4286,1282.1785,-423.8951,Horizon_05,320,4702,0,2.0
72133,2300.0,1282.1785,-423.8951,Horizon_05,320,4703,0,2.0
72134,2303.5714,1282.1785,-423.8951,Horizon_05,320,4704,0,2.0
72816,2296.4286,1264.7111,-385.5615,Horizon_05,320,5386,0,2.0
72817,2300.0,1264.7111,-385.5615,Horizon_05,320,5387,0,2.0
72818,2303.5714,1264.7111,-385.5615,Horizon_05,320,5388,0,2.0
72873,2296.4286,1263.1288,-382.4279,Horizon_05,320,5443,0,2.0
72874,2300.0,1263.1288,-382.4279,Horizon_05,320,5444,0,2.0
72875,2303.5714,1263.1288,-382.4279,Horizon_05,320,5445,0,2.0
72930,2296.4286,1261.3929,-379.3769,Horizon_05,320,5500,0,2.0
72931,2300.0,1261.3929,-379.3769,Horizon_05,320,5501,0,2.0
72932,2303.5714,1261.3929,-379.3769,Horizon_05,320,5502,0,2.0
72987,2296.4286,1259.574,-376.3744,Horizon_05,320,5557,0,2.0
72988,2300.0,1259.574,-376.3744,Horizon_05,320,5558,0,2.0
72989,2303.5714,1259.574,-376.3744,Horizon_05,320,5559,0,2.0
73956,2296.4286,1212.0259,-374.6314,Horizon_05,320,6526,0,2.0
73957,2300.0,1212.0259,-374.6314,Horizon_05,320,6527,0,2.0
73958,2303.5714,1212.0259,-374.6314,Horizon_05,320,6528,0,2.0
74013,2296.4286,1209.1347,-376.6225,Horizon_05,320,6583,0,2.0
74014,2300.0,1209.1347,-376.6225,Horizon_05,320,6584,0,2.0
74015,2303.5714,1209.1347,-376.6225,Horizon_05,320,6585,0,2.0
74070,2296.4286,1206.2435,-378.6136,Horizon_05,320,6640,0,2.0
74071,2300.0,1206.2435,-378.6136,Horizon_05,320,6641,0,2.0
74072,2303.5714,1206.2435,-378.6136,Horizon_05,320,6642,0,2.0
74127,2296.4286,1203.3523,-380.6047,Horizon_05,320,6697,0,2.0
74128,2300.0,1203.3523,-380.6047,Horizon_05,320,6698,0,2.0
74129,2303.5714,1203.3523,-380.6047,Horizon_05,320,6699,0,2.0
74184,2296.4286,1200.461,-382.5958,Horizon_05,320,6754,0,2.0
74185,2300.0,1200.461,-382.5958,Horizon_05,320,6755,0,2.0
74186,2303.5714,1200.461,-382.5958,Horizon_05,320,6756,0,2.0
74241,2296.4286,1197.5698,-384.5869,Horizon_05,320,6811,0,2.0
74242,2300.0,1197.5698,-384.5869,Horizon_05,320,6812,0,2.0
74243,2303.5714,1197.5698,-384.5869,Horizon_05,320,6813,0,2.0
74298,2296.4286,1194.6786,-386.5781,Horizon_05,320,6868,0,2.0
74300,2303.5714,1194.6786,-386.5781,Horizon_05,320,6870,0,2.0
74583,2296.4286,1180.2224,-396.5333,Horizon_05,320,7153,0,2.0
74584,2300.0,1180.2224,-396.5333,Horizon_05,320,7154,0,2.0
74585,2303.5714,1180.2224,-396.5333,Horizon_05,320,7155,0,2.0
74640,2296.4286,1177.3159,-398.5019,Horizon_05,320,7210,0,2.0
74641,2300.0,1177.3159,-398.5019,Horizon_05,320,7211,0,2.0
74642,2303.5714,1177.3159,-398.5019,Horizon_05,320,7212,0,2.0
74697,2296.4286,1174.3526,-400.384,Horizon_05,320,7267,0,2.0
74698,2300.0,1174.3526,-400.384,Horizon_05,320,7268,0,2.0
74699,2303.5714,1174.3526,-400.384,Horizon_05,320,7269,0,2.0
74754,2296.4286,1171.3163,-402.1457,Horizon_05,320,7324,0,2.0
74755,2300.0,1171.3163,-402.1457,Horizon_05,320,7325,0,2.0
74756,2303.5714,1171.3163,-402.1457,Horizon_05,320,7326,0,2.0
74811,2296.4286,1168.2264,-403.8117,Horizon_05,320,7381,0,2.0
74812,2300.0,1168.2264,-403.8117,Horizon_05,320,7382,0,2.0
74813,2303.5714,1168.2264,-403.8117,Horizon_05,320,7383,0,2.0
74868,2296.4286,1165.1244,-405.4553,Horizon_05,320,7438,0,2.0
74869,2300.0,1165.1244,-405.4553,Horizon_05,320,7439,0,2.0
74870,2303.5714,1165.1244,-405.4553,Horizon_05,320,7440,0,2.0
75210,2296.4286,1146.8856,-415.9579,Horizon_05,320,7780,0,2.0
75211,2300.0,1146.8856,-415.9579,Horizon_05,320,7781,0,2.0
75212,2303.5714,1146.8856,-415.9579,Horizon_05,320,7782,0,2.0
75267,2296.4286,1143.9842,-417.934,Horizon_05,320,7837,0,2.0
75268,2300.0,1143.9842,-417.934,Horizon_05,320,7838,0,2.0
75269,2303.5714,1143.9842,-417.934,Horizon_05,320,7839,0,2.0
75324,2296.4286,1141.0837,-419.9115,Horizon_05,320,7894,0,2.0
75325,2300.0,1141.0837,-419.9115,Horizon_05,320,7895,0,2.0
75326,2303.5714,1141.0837,-419.9115,Horizon_05,320,7896,0,2.0
75381,2296.4286,1138.1832,-421.8891,Horizon_05,320,7951,0,2.0
75382,2300.0,1138.1832,-421.8891,Horizon_05,320,7952,0,2.0
75383,2303.5714,1138.1832,-421.8891,Horizon_05,320,7953,0,2.0
75438,2296.4286,1135.2828,-423.8667,Horizon_05,320,8008,0,2.0
75439,2300.0,1135.2828,-423.8667,Horizon_05,320,8009,0,2.0
75440,2303.5714,1135.2828,-423.8667,Horizon_05,320,8010,0,2.0
75496,2300.0,1132.3823,-425.8443,Horizon_05,320,8066,0,2.0
76693,2300.0,1087.3335,-411.1121,Horizon_05,320,9263,0,2.0
76749,2296.4286,1086.1353,-407.8124,Horizon_05,320,9319,0,2.0
76750,2300.0,1086.1353,-407.8124,Horizon_05,320,9320,0,2.0
76751,2303.5714,1086.1353,-407.8124,Horizon_05,320,9321,0,2.0
76806,2296.4286,1084.9372,-404.5127,Horizon_05,320,9376,0,2.0
76807,2300.0,1084.9372,-404.5127,Horizon_05,320,9377,0,2.0
76808,2303.5714,1084.9372,-404.5127,Horizon_05,320,9378,0,2.0
76863,2296.4286,1083.7391,-401.213,Horizon_05,320,9433,0,2.0
76864,2300.0,1083.7391,-401.213,Horizon_05,320,9434,0,2.0
76865,2303.5714,1083.7391,-401.213,Horizon_05,320,9435,0,2.0
76920,2296.4286,1082.541,-397.9133,Horizon_05,320,9490,0,2.0
76921,2300.0,1082.541,-397.9133,Horizon_05,320,9491,0,2.0
76922,2303.5714,1082.541,-397.9133,Horizon_05,320,9492,0,2.0
76977,2296.4286,1081.3429,-394.6136,Horizon_05,320,9547,0,2.0
76978,2300.0,1081.3429,-394.6136,Horizon_05,320,9548,0,2.0
76979,2303.5714,1081.3429,-394.6136,Horizon_05,320,9549,0,2.0
89004,2296.4286,1251.0571,-498.4055,Horizon_06,322,4930,0,2.0
89005,2300.0,1251.0571,-498.4055,Horizon_06,322,4931,0,2.0
89006,2303.5714,1251.0571,-498.4055,Horizon_06,322,4932,0,2.0
89061,2296.4286,1249.8828,-495.0896,Horizon_06,322,4987,0,2.0
89062,2300.0,1249.8828,-495.0896,Horizon_06,322,4988,0,2.0
89063,2303.5714,1249.8828,-495.0896,Horizon_06,322,4989,0,2.0
89118,2296.4286,1248.7084,-491.7738,Horizon_06,322,5044,0,2.0
89119,2300.0,1248.7084,-491.7738,Horizon_06,322,5045,0,2.0
89120,2303.5714,1248.7084,-491.7738,Horizon_06,322,5046,0,2.0
89175,2296.4286,1247.534,-488.458,Horizon_06,322,5101,0,2.0
89176,2300.0,1247.534,-488.458,Horizon_06,322,5102,0,2.0
89177,2303.5714,1247.534,-488.458,Horizon_06,322,5103,0,2.0
89232,2296.4286,1246.3597,-485.1421,Horizon_06,322,5158,0,2.0
89233,2300.0,1246.3597,-485.1421,Horizon_06,322,5159,0,2.0
89234,2303.5714,1246.3597,-485.1421,Horizon_06,322,5160,0,2.0
89290,2300.0,1245.1853,-481.8263,Horizon_06,322,5216,0,2.0
89403,2296.4286,1242.8325,-475.1961,Horizon_06,322,5329,0,2.0
89404,2300.0,1242.8325,-475.1961,Horizon_06,322,5330,0,2.0
89405,2303.5714,1242.8325,-475.1961,Horizon_06,322,5331,0,2.0
89460,2296.4286,1241.6202,-471.894,Horizon_06,322,5386,0,2.0
89461,2300.0,1241.6202,-471.894,Horizon_06,322,5387,0,2.0
89462,2303.5714,1241.6202,-471.894,Horizon_06,322,5388,0,2.0
89517,2296.4286,1240.2649,-468.6488,Horizon_06,322,5443,0,2.0
89518,2300.0,1240.2649,-468.6488,Horizon_06,322,5444,0,2.0
89519,2303.5714,1240.2649,-468.6488,Horizon_06,322,5445,0,2.0
89574,2296.4286,1238.6413,-465.5291,Horizon_06,322,5500,0,2.0
89575,2300.0,1238.6413,-465.5291,Horizon_06,322,5501,0,2.0
89576,2303.5714,1238.6413,-465.5291,Horizon_06,322,5502,0,2.0
89631,2296.4286,1236.9126,-462.4654,Horizon_06,322,5557,0,2.0
89632,2300.0,1236.9126,-462.4654,Horizon_06,322,5558,0,2.0
89633,2303.5714,1236.9126,-462.4654,Horizon_06,322,5559,0,2.0
89688,2296.4286,1235.1799,-459.4042,Horizon_06,322,5614,0,2.0
89689,2300.0,1235.1799,-459.4042,Horizon_06,322,5615,0,2.0
89690,2303.5714,1235.1799,-459.4042,Horizon_06,322,5616,0,2.0
89745,2296.4286,1233.4471,-456.3429,Horizon_06,322,5671,0,2.0
89746,2300.0,1233.4471,-456.3429,Horizon_06,322,5672,0,2.0
89747,2303.5714,1233.4471,-456.3429,Horizon_06,322,5673,0,2.0
89802,2296.4286,1231.7143,-453.2817,Horizon_06,322,5728,0,2.0
89804,2303.5714,1231.7143,-453.2817,Horizon_06,322,5730,0,2.0
89973,2296.4286,1226.4927,-444.1112,Horizon_06,322,5899,0,2.0
89975,2303.5714,1226.4927,-444.1112,Horizon_06,322,5901,0,2.0
90030,2296.4286,1224.6149,-441.139,Horizon_06,322,5956,0,2.0
90031,2300.0,1224.6149,-441.139,Horizon_06,322,5957,0,2.0
90032,2303.5714,1224.6149,-441.139,Horizon_06,322,5958,0,2.0
90087,2296.4286,1221.8346,-439.212,Horizon_06,322,6013,0,2.0
90089,2303.5714,1221.8346,-439.212,Horizon_06,322,6015,0,2.0
90258,2296.4286,1212.0365,-442.9284,Horizon_06,322,6184,0,2.0
90259,2300.0,1212.0365,-442.9284,Horizon_06,322,6185,0,2.0
90260,2303.5714,1212.0365,-442.9284,Horizon_06,322,6186,0,2.0
90315,2296.4286,1208.9068,-444.5336,Horizon_06,322,6241,0,2.0
90317,2303.5714,1208.9068,-444.5336,Horizon_06,322,6243,0,2.0
90600,2296.4286,1193.6162,-453.2246,Horizon_06,322,6526,0,2.0
90602,2303.5714,1193.6162,-453.2246,Horizon_06,322,6528,0,2.0
90657,2296.4286,1190.562,-454.9698,Horizon_06,322,6583,0,2.0
90658,2300.0,1190.562,-454.9698,Horizon_06,322,6584,0,2.0
90659,2303.5714,1190.562,-454.9698,Horizon_06,322,6585,0,2.0
90714,2296.4286,1187.5078,-456.7151,Horizon_06,322,6640,0,2.0
90715,2300.0,1187.5078,-456.7151,Horizon_06,322,6641,0,2.0
90716,2303.5714,1187.5078,-456.7151,Horizon_06,322,6642,0,2.0
90771,2296.4286,1184.4537,-458.4603,Horizon_06,322,6697,0,2.0
90772,2300.0,1184.4537,-458.4603,Horizon_06,322,6698,0,2.0
90773,2303.5714,1184.4537,-458.4603,Horizon_06,322,6699,0,2.0
90828,2296.4286,1181.3994,-460.2054,Horizon_06,322,6754,0,2.0
90829,2300.0,1181.3994,-460.2054,Horizon_06,322,6755,0,2.0
90830,2303.5714,1181.3994,-460.2054,Horizon_06,322,6756,0,2.0
90885,2296.4286,1178.3438,-461.9482,Horizon_06,322,6811,0,2.0
90886,2300.0,1178.3438,-461.9482,Horizon_06,322,6812,0,2.0
90887,2303.5714,1178.3438,-461.9482,Horizon_06,322,6813,0,2.0
90942,2296.4286,1175.2852,-463.6856,Horizon_06,322,6868,0,2.0
90943,2300.0,1175.2852,-463.6856,Horizon_06,322,6869,0,2.0
90944,2303.5714,1175.2852,-463.6856,Horizon_06,322,6870,0,2.0
90999,2296.4286,1172.2226,-465.416,Horizon_06,322,6925,0,2.0
91000,2300.0,1172.2226,-465.416,Horizon_06,322,6926,0,2.0
91001,2303.5714,1172.2226,-465.416,Horizon_06,322,6927,0,2.0
91056,2296.4286,1169.1578,-467.1426,Horizon_06,322,6982,0,2.0
91057,2300.0,1169.1578,-467.1426,Horizon_06,322,6983,0,2.0
91058,2303.5714,1169.1578,-467.1426,Horizon_06,322,6984,0,2.0
91113,2296.4286,1166.0929,-468.8688,Horizon_06,322,7039,0,2.0
91114,2300.0,1166.0929,-468.8688,Horizon_06,322,7040,0,2.0
91115,2303.5714,1166.0929,-468.8688,Horizon_06,322,7041,0,2.0
91170,2296.4286,1163.0279,-470.5951,Horizon_06,322,7096,0,2.0
91171,2300.0,1163.0279,-470.5951,Horizon_06,322,7097,0,2.0
91172,2303.5714,1163.0279,-470.5951,Horizon_06,322,7098,0,2.0
91455,2296.4286,1147.7031,-479.2263,Horizon_06,322,7381,0,2.0
91456,2300.0,1147.7031,-479.2263,Horizon_06,322,7382,0,2.0
91457,2303.5714,1147.7031,-479.2263,Horizon_06,322,7383,0,2.0
91512,2296.4286,1144.6382,-480.9525,Horizon_06,322,7438,0,2.0
91513,2300.0,1144.6382,-480.9525,Horizon_06,322,7439,0,2.0
91514,2303.5714,1144.6382,-480.9525,Horizon_06,322,7440,0,2.0
91569,2296.4286,1141.5732,-482.6788,Horizon_06,322,7495,0,2.0
91570,2300.0,1141.5732,-482.6788,Horizon_06,322,7496,0,2.0
91571,2303.5714,1141.5732,-482.6788,Horizon_06,322,7497,0,2.0
91626,2296.4286,1138.5084,-484.4053,Horizon_06,322,7552,0,2.0
91627,2300.0,1138.5084,-484.4053,Horizon_06,322,7553,0,2.0
91628,2303.5714,1138.5084,-484.4053,Horizon_06,322,7554,0,2.0
91683,2296.4286,1135.4508,-486.1444,Horizon_06,322,7609,0,2.0
91684,2300.0,1135.4508,-486.1444,Horizon_06,322,7610,0,2.0
91685,2303.5714,1135.4508,-486.1444,Horizon_06,322,7611,0,2.0
91740,2296.4286,1132.4153,-487.922,Horizon_06,322,7666,0,2.0
91741,2300.0,1132.4153,-487.922,Horizon_06,322,7667,0,2.0
91742,2303.5714,1132.4153,-487.922,Horizon_06,322,7668,0,2.0
91854,2296.4286,1126.4257,-491.612,Horizon_06,322,7780,0,2.0
91855,2300.0,1126.4257,-491.612,Horizon_06,322,7781,0,2.0
91856,2303.5714,1126.4257,-491.612,Horizon_06,322,7782,0,2.0
91911,2296.4286,1123.4447,-493.4796,Horizon_06,322,7837,0,2.0
91912,2300.0,1123.4447,-493.4796,Horizon_06,322,7838,0,2.0
91913,2303.5714,1123.4447,-493.4796,Horizon_06,322,7839,0,2.0
91968,2296.4286,1120.4638,-495.3472,Horizon_06,322,7894,0,2.0
91969,2300.0,1120.4638,-495.3472,Horizon_06,322,7895,0,2.0
91970,2303.5714,1120.4638,-495.3472,Horizon_06,322,7896,0,2.0
92025,2296.4286,1117.4828,-497.2148,Horizon_06,322,7951,0,2.0
92026,2300.0,1117.4828,-497.2148,Horizon_06,322,7952,0,2.0
92027,2303.5714,1117.4828,-497.2148,Horizon_06,322,7953,0,2.0
92082,2296.4286,1114.5019,-499.0824,Horizon_06,322,8008,0,2.0
92084,2303.5714,1114.5019,-499.0824,Horizon_06,322,8010,0,2.0
93735,2296.4286,1048.4349,-495.8066,Horizon_06,322,9661,0,2.0
93736,2300.0,1048.4349,-495.8066,Horizon_06,322,9662,0,2.0
93737,2303.5714,1048.4349,-495.8066,Horizon_06,322,9663,0,2.0
93792,2296.4286,1047.643,-492.3793,Horizon_06,322,9718,0,2.0
93793,2300.0,1047.643,-492.3793,Horizon_06,322,9719,0,2.0
93794,2303.5714,1047.643,-492.3793,Horizon_06,322,9720,0,2.0
93849,2296.4286,1046.8414,-488.9542,Horizon_06,322,9775,0,2.0
93850,2300.0,1046.8414,-488.9542,Horizon_06,322,9776,0,2.0
93851,2303.5714,1046.8414,-488.9542,Horizon_06,322,9777,0,2.0
93906,2296.4286,1046.0398,-485.5291,Horizon_06,322,9832,0,2.0
93907,2300.0,1046.0398,-485.5291,Horizon_06,322,9833,0,2.0
93908,2303.5714,1046.0398,-485.5291,Horizon_06,322,9834,0,2.0
93963,2296.4286,1045.2236,-482.1075,Horizon_06,322,9889,0,2.0
93964,2300.0,1045.2236,-482.1075,Horizon_06,322,9890,0,2.0
93965,2303.5714,1045.2236,-482.1075,Horizon_06,322,9891,0,2.0
94020,2296.4286,1044.1813,-478.7508,Horizon_06,322,9946,0,2.0
94021,2300.0,1044.1813,-478.7508,Horizon_06,322,9947,0,2.0
94022,2303.5714,1044.1813,-478.7508,Horizon_06,322,9948,0,2.0
94077,2296.4286,1042.4643,-475.7019,Horizon_06,322,10003,0,2.0
94078,2300.0,1042.4643,-475.7019,Horizon_06,322,10004,0,2.0
94079,2303.5714,1042.4643,-475.7019,Horizon_06,322,10005,0,2.0
94362,2296.4286,1026.6525,-469.0703,Horizon_06,322,10288,0,2.0
94363,2300.0,1026.6525,-469.0703,Horizon_06,322,10289,0,2.0
94364,2303.5714,1026.6525,-469.0703,Horizon_06,322,10290,0,2.0
94419,2296.4286,1024.5119,-466.3201,Horizon_06,322,10345,0,2.0
94420,2300.0,1024.5119,-466.3201,Horizon_06,322,10346,0,2.0
94421,2303.5714,1024.5119,-466.3201,Horizon_06,322,10347,0,2.0
94476,2296.4286,1023.3642,-463.0016,Horizon_06,322,10402,0,2.0
94477,2300.0,1023.3642,-463.0016,Horizon_06,322,10403,0,2.0
94478,2303.5714,1023.3642,-463.0016,Horizon_06,322,10404,0,2.0
94533,2296.4286,1022.526,-459.5855,Horizon_06,322,10459,0,2.0
94534,2300.0,1022.526,-459.5855,Horizon_06,322,10460,0,2.0
94535,2303.5714,1022.526,-459.5855,Horizon_06,322,10461,0,2.0
94590,2296.4286,1021.7454,-456.1555,Horizon_06,322,10516,0,2.0
94591,2300.0,1021.7454,-456.1555,Horizon_06,322,10517,0,2.0
94592,2303.5714,1021.7454,-456.1555,Horizon_06,322,10518,0,2.0
94647,2296.4286,1020.9658,-452.7254,Horizon_06,322,10573,0,2.0
94648,2300.0,1020.9658,-452.7254,Horizon_06,322,10574,0,2.0
94649,2303.5714,1020.9658,-452.7254,Horizon_06,322,10575,0,2.0
94704,2296.4286,1020.1863,-449.2952,Horizon_06,322,10630,0,2.0
94706,2303.5714,1020.1863,-449.2952,Horizon_06,322,10632,0,2.0
94875,2296.4286,1017.8362,-439.0072,Horizon_06,322,10801,0,2.0
94876,2300.0,1017.8362,-439.0072,Horizon_06,322,10802,0,2.0
94877,2303.5714,1017.8362,-439.0072,Horizon_06,322,10803,0,2.0
94932,2296.4286,1016.9856,-435.5942,Horizon_06,322,10858,0,2.0
94933,2300.0,1016.9856,-435.5942,Horizon_06,322,10859,0,2.0
94934,2303.5714,1016.9856,-435.5942,Horizon_06,322,10860,0,2.0
94989,2296.4286,1015.9414,-432.2359,Horizon_06,322,10915,0,2.0
94990,2300.0,1015.9414,-432.2359,Horizon_06,322,10916,0,2.0
94991,2303.5714,1015.9414,-432.2359,Horizon_06,322,10917,0,2.0
95046,2296.4286,1014.735,-428.9318,Horizon_06,322,10972,0,2.0
95047,2300.0,1014.735,-428.9318,Horizon_06,322,10973,0,2.0
95048,2303.5714,1014.735,-428.9318,Horizon_06,322,10974,0,2.0
95103,2296.4286,1013.4399,-425.6617,Horizon_06,322,11029,0,2.0
95104,2300.0,1013.4399,-425.6617,Horizon_06,322,11030,0,2.0
95105,2303.5714,1013.4399,-425.6617,Horizon_06,322,11031,0,2.0
95160,2296.4286,1011.976,-422.4637,Horizon_06,322,11086,0,2.0
95161,2300.0,1011.976,-422.4637,Horizon_06,322,11087,0,2.0
95162,2303.5714,1011.976,-422.4637,Horizon_06,322,11088,0,2.0
95217,2296.4286,1010.3908,-419.3235,Horizon_06,322,11143,0,2.0
95218,2300.0,1010.3908,-419.3235,Horizon_06,322,11144,0,2.0
95219,2303.5714,1010.3908,-419.3235,Horizon_06,322,11145,0,2.0
95274,2296.4286,1008.7977,-416.1872,Horizon_06,322,11200,0,2.0
95275,2300.0,1008.7977,-416.1872,Horizon_06,322,11201,0,2.0
95276,2303.5714,1008.7977,-416.1872,Horizon_06,322,11202,0,2.0
